Punto,Nombre Alterno,Descripcion,Fecha,Metano,Bioxido de Carbono,Nitrogeno,Total Inertes,Etano,Temp. Rocio,Humedad,Poder Calorifico,Indice Woobe,Acido Sulfidrico
N-PRBGN-NS-TM08,CRE 52 Raudal,Pto. de Calidad El Raudal T.M.,8/9/2017 09:00,98.63,0.15,0.14,0.29,0.63,,,38.1574,50.6306,
N-PRBGN-NS-TM08,CRE 52 Raudal,Pto. de Calidad El Raudal T.M.,9/9/2017 09:00,98.63,0.15,0.14,0.29,0.63,,,38.1574,50.6306,
N-PRBGN-NS-TM08,CRE 52 Raudal,Pto. de Calidad El Raudal T.M.,10/9/2017 09:00,98.63,0.15,0.14,0.29,0.63,,,38.1574,50.6306,
N-PRBGN-NS-TM08,CRE 52 Raudal,Pto. de Calidad El Raudal T.M.,11/9/2017 09:00,98.63,0.15,0.14,0.29,0.63,,,38.1574,50.6306,
N-PRBGN-NS-TM08,CRE 52 Raudal,Pto. de Calidad El Raudal T.M.,12/9/2017 09:00,98.63,0.15,0.14,0.29,0.63,,,38.1574,50.6306,
N-PRBGN-NS-TM08,CRE 52 Raudal,Pto. de Calidad El Raudal T.M.,13/9/2017 09:00,98.63,0.15,0.14,0.29,0.63,,,38.1574,50.6306,
N-PRBGN-NS-TM08,CRE 52 Raudal,Pto. de Calidad El Raudal T.M.,14/9/2017 09:00,98.63,0.15,0.14,0.29,0.63,,,38.1574,50.6306,
S-CABGN060-TR08,"CRE 35 Troncal 48""",Pto. de Calidad Paredón T.R.,8/9/2017 09:00,85.0999,0.0034,11.154,11.1575,3.4257,231.6561,90.3668,34.7819,44.1022,6.7069
S-CABGN060-TR08,"CRE 35 Troncal 48""",Pto. de Calidad Paredón T.R.,9/9/2017 09:00,84.6372,0.0018,11.8053,11.807,3.2563,229.317,68.2966,34.4781,43.6548,7.774
S-CABGN060-TR08,"CRE 35 Troncal 48""",Pto. de Calidad Paredón T.R.,10/9/2017 09:00,83.8604,0.0012,12.5678,12.5691,3.2911,224.6351,76.9586,34.1844,43.1759,4.0131
S-CABGN060-TR08,"CRE 35 Troncal 48""",Pto. de Calidad Paredón T.R.,11/9/2017 09:00,84.9823,0.0045,10.9167,10.9212,3.738,231.1837,85.2717,34.9945,44.3311,6.5815
S-CABGN060-TR08,"CRE 35 Troncal 48""",Pto. de Calidad Paredón T.R.,12/9/2017 09:00,84.1614,0.0012,11.775,11.7762,3.6846,232.6791,64.6967,34.6712,43.7981,6.6405
S-CABGN060-TR08,"CRE 35 Troncal 48""",Pto. de Calidad Paredón T.R.,13/9/2017 09:00,82.2401,0.0117,13.44,13.4517,3.8263,235.4914,65.8782,34.1529,42.8381,8.5723
S-CABGN060-TR08,"CRE 35 Troncal 48""",Pto. de Calidad Paredón T.R.,14/9/2017 09:00,83.3248,0.0123,12.2338,12.2461,3.9852,234.2708,73.4388,34.6277,43.5937,8.4507
S-CABGN072-TR02,CRE 38 CPG Cactus,Pto. de Calidad Cactus,8/9/2017 05:00,88.2487,0.0071,8.0422,8.0493,3.3695,239.3534,161.7874,35.9136,46.0452,4.5847
S-CABGN072-TR02,CRE 38 CPG Cactus,Pto. de Calidad Cactus,9/9/2017 05:00,88.9729,0.0018,7.6722,7.674,3.0687,244.4138,151.6613,35.9421,46.2156,4.6147
S-CABGN072-TR02,CRE 38 CPG Cactus,Pto. de Calidad Cactus,10/9/2017 05:00,88.65,0.0037,8.2156,8.2193,2.9115,243.5247,171.5591,35.6424,45.8054,6.3562
S-CABGN072-TR02,CRE 38 CPG Cactus,Pto. de Calidad Cactus,11/9/2017 05:00,88.234,0.0067,7.1614,7.1681,4.221,235.1066,120.4016,36.5127,46.7788,5.4612
S-CABGN072-TR02,CRE 38 CPG Cactus,Pto. de Calidad Cactus,12/9/2017 05:00,87.7969,0.0022,7.7304,7.7326,4.0725,237.9191,111.9817,36.2748,46.4018,4.9803
S-CABGN072-TR02,CRE 38 CPG Cactus,Pto. de Calidad Cactus,13/9/2017 05:00,86.8527,0.0183,8.0874,8.1058,4.377,245.8694,106.0176,36.4166,46.3373,4.5964
S-CABGN072-TR02,CRE 38 CPG Cactus,Pto. de Calidad Cactus,14/9/2017 05:00,86.5837,0.0237,8.4226,8.4464,4.3919,244.4759,141.36,36.2294,46.0832,4.6075
S-CABGN072-TR03,CRE 40 CPG Nuevo Pemex,Pto. de Calidad Nuevo Pemex T.R.,8/9/2017 05:00,84.415,0.002,11.8187,11.8207,3.5886,197.0419,8.1062,34.4256,43.6217,5.8325
S-CABGN072-TR03,CRE 40 CPG Nuevo Pemex,Pto. de Calidad Nuevo Pemex T.R.,9/9/2017 05:00,84.0803,0.0015,12.3446,12.3461,3.4039,197.3786,9.1987,34.1703,43.2566,7.8847
S-CABGN072-TR03,CRE 40 CPG Nuevo Pemex,Pto. de Calidad Nuevo Pemex T.R.,10/9/2017 05:00,84.0463,0.0012,12.4242,12.4254,3.3652,195.6665,7.3661,34.1249,43.197,4.6001
S-CABGN072-TR03,CRE 40 CPG Nuevo Pemex,Pto. de Calidad Nuevo Pemex T.R.,11/9/2017 05:00,83.9837,0.0033,12.1342,12.1375,3.7068,197.0248,5.0482,34.3359,43.4443,4.215
S-CABGN072-TR03,CRE 40 CPG Nuevo Pemex,Pto. de Calidad Nuevo Pemex T.R.,12/9/2017 05:00,82.6251,0.0005,13.5081,13.5086,3.69,196.4911,6.4507,33.815,42.5945,4.9657
S-CABGN072-TR03,CRE 40 CPG Nuevo Pemex,Pto. de Calidad Nuevo Pemex T.R.,13/9/2017 05:00,80.4681,0.0057,15.5926,15.5983,3.7544,196.0839,8.0185,33.0443,41.3301,7.9094
S-CABGN072-TR03,CRE 40 CPG Nuevo Pemex,Pto. de Calidad Nuevo Pemex T.R.,14/9/2017 05:00,82.3167,0.0074,13.4308,13.4383,4.0356,198.6999,9.777,33.9592,42.7165,8.219
S-CABGN090-TR01,CRE 37 CPG Ciudad Pemex,Pto. de Calidad CD. Pemex T.R.,8/9/2017 05:00,88.2487,0.0071,8.0422,8.0493,3.3695,239.3534,161.7874,35.9137,46.0453,4.5847
S-CABGN090-TR01,CRE 37 CPG Ciudad Pemex,Pto. de Calidad CD. Pemex T.R.,9/9/2017 05:00,88.9729,0.0018,7.6722,7.674,3.0687,244.4138,151.6613,35.9421,46.2157,4.6147
S-CABGN090-TR01,CRE 37 CPG Ciudad Pemex,Pto. de Calidad CD. Pemex T.R.,10/9/2017 05:00,88.65,0.0037,8.2156,8.2193,2.9115,243.5247,171.5591,35.6423,45.8054,6.3562
S-CABGN090-TR01,CRE 37 CPG Ciudad Pemex,Pto. de Calidad CD. Pemex T.R.,11/9/2017 05:00,88.234,0.0067,7.1614,7.1681,4.221,235.1066,120.4016,36.5127,46.7788,5.4612
S-CABGN090-TR01,CRE 37 CPG Ciudad Pemex,Pto. de Calidad CD. Pemex T.R.,12/9/2017 05:00,87.7969,0.0022,7.7304,7.7326,4.0725,237.9191,111.9817,36.275,46.402,4.9803
S-CABGN090-TR01,CRE 37 CPG Ciudad Pemex,Pto. de Calidad CD. Pemex T.R.,13/9/2017 05:00,86.8527,0.0183,8.0874,8.1058,4.377,245.8694,106.0176,36.4169,46.3377,4.5964
S-CABGN090-TR01,CRE 37 CPG Ciudad Pemex,Pto. de Calidad CD. Pemex T.R.,14/9/2017 05:00,86.5837,0.0237,8.4226,8.4464,4.3919,244.4759,141.36,36.2296,46.0835,4.6075
S-CABGN110-TR04,CRE 39 KM-100,Pto. de Calidad Km. 100 T.R.,8/9/2017 09:00,88.2487,0.0071,8.0422,8.0493,3.3695,239.3534,161.7874,35.9137,46.0453,4.5847
S-CABGN110-TR04,CRE 39 KM-100,Pto. de Calidad Km. 100 T.R.,9/9/2017 09:00,88.9729,0.0018,7.6722,7.674,3.0687,244.4138,151.6613,35.9421,46.2157,4.6147
S-CABGN110-TR04,CRE 39 KM-100,Pto. de Calidad Km. 100 T.R.,10/9/2017 09:00,88.65,0.0037,8.2156,8.2193,2.9115,243.5247,171.5591,35.6423,45.8054,6.3562
S-CABGN110-TR04,CRE 39 KM-100,Pto. de Calidad Km. 100 T.R.,11/9/2017 09:00,88.234,0.0067,7.1614,7.1681,4.221,235.1066,120.4016,36.5127,46.7788,5.4612
S-CABGN110-TR04,CRE 39 KM-100,Pto. de Calidad Km. 100 T.R.,12/9/2017 09:00,87.7969,0.0022,7.7304,7.7326,4.0725,237.9191,111.9817,36.275,46.402,4.9803
S-CABGN110-TR04,CRE 39 KM-100,Pto. de Calidad Km. 100 T.R.,13/9/2017 09:00,86.8527,0.0183,8.0874,8.1058,4.377,245.8694,106.0176,36.4169,46.3377,4.5964
S-CABGN110-TR04,CRE 39 KM-100,Pto. de Calidad Km. 100 T.R.,14/9/2017 09:00,86.5837,0.0237,8.4226,8.4464,4.3919,244.4759,141.36,36.2296,46.0835,4.6075
S-CHBGN060-TR01,CRE 11 Chihuahua (Avalos),Pto. de Calidad Terminal Avalos T.R.,8/9/2017 09:00,89.6736,0.4812,1.2395,1.7207,7.3086,232.7593,46.5393,40.0297,51.072,0.2723
S-CHBGN060-TR01,CRE 11 Chihuahua (Avalos),Pto. de Calidad Terminal Avalos T.R.,9/9/2017 09:00,89.4052,0.3859,1.3222,1.7081,7.6538,228.1035,41.2744,40.0786,51.1277,0.3132
S-CHBGN060-TR01,CRE 11 Chihuahua (Avalos),Pto. de Calidad Terminal Avalos T.R.,11/9/2017 09:00,89.8352,0.4431,1.2632,1.7063,7.2793,227.0692,39.916,39.9388,51.0364,0.3215
S-CHBGN060-TR01,CRE 11 Chihuahua (Avalos),Pto. de Calidad Terminal Avalos T.R.,12/9/2017 09:00,90.0446,0.4178,1.305,1.7228,7.0786,226.8608,39.7868,39.8616,50.9913,0.3341
S-CHBGN060-TR01,CRE 11 Chihuahua (Avalos),Pto. de Calidad Terminal Avalos T.R.,13/9/2017 09:00,90.0971,0.6289,1.2457,1.8746,6.8992,227.087,41.5466,39.7426,50.8081,0.5193
S-CHBGN060-TR01,CRE 11 Chihuahua (Avalos),Pto. de Calidad Terminal Avalos T.R.,14/9/2017 09:00,90.3234,0.4946,1.2063,1.7009,6.8509,228.2194,43.0717,39.7971,50.9466,0.5196
S-CMBGN030-TR01,CRE 26 Ciudad Mendoza,Pto. de Calidad Cd. Mendoza T.R.,8/9/2017 09:00,95.169,0.1097,2.6154,2.7251,1.6931,265.9702,7.7701,37.5152,49.2607,4.2687
S-CMBGN030-TR01,CRE 26 Ciudad Mendoza,Pto. de Calidad Cd. Mendoza T.R.,9/9/2017 09:00,93.5158,0.1046,3.9424,4.047,2.0743,261.6662,8.1396,37.0834,48.4196,6.0048
S-CMBGN030-TR01,CRE 26 Ciudad Mendoza,Pto. de Calidad Cd. Mendoza T.R.,10/9/2017 09:00,95.8897,0.1638,1.8812,2.045,1.6669,265.0342,7.3909,37.7534,49.6952,4.8542
S-CMBGN030-TR01,CRE 26 Ciudad Mendoza,Pto. de Calidad Cd. Mendoza T.R.,11/9/2017 09:00,96.0988,0.1569,1.727,1.8838,1.601,265.1789,6.8254,37.8088,49.8025,2.9319
S-CMBGN030-TR01,CRE 26 Ciudad Mendoza,Pto. de Calidad Cd. Mendoza T.R.,12/9/2017 09:00,95.9904,0.1582,1.8937,2.0519,1.5594,266.0525,6.6809,37.7214,49.6748,1.7821
S-CMBGN030-TR01,CRE 26 Ciudad Mendoza,Pto. de Calidad Cd. Mendoza T.R.,13/9/2017 09:00,94.7847,0.1046,3.057,3.1616,1.6851,264.1101,6.8212,37.3168,48.9496,0.0538
S-CMBGN030-TR01,CRE 26 Ciudad Mendoza,Pto. de Calidad Cd. Mendoza T.R.,14/9/2017 09:00,95.2403,0.1059,2.5668,2.6727,1.7015,266.2024,7.3685,37.5182,49.287,2.022
S-CMBGN031-TR07,CRE 56 San Pablo Rincon Pacheco,Pto. de Calidad Campo Rincon Pacheco T.R.,8/9/2017 05:00,99.1632,0.1297,0.1588,0.2884,0.2657,254.5681,0.0541,37.9398,50.633,1.9115
S-CMBGN031-TR07,CRE 56 San Pablo Rincon Pacheco,Pto. de Calidad Campo Rincon Pacheco T.R.,9/9/2017 05:00,99.157,0.1355,0.1587,0.2943,0.2663,255.2831,0.054,37.9374,50.6272,1.8623
S-CMBGN031-TR07,CRE 56 San Pablo Rincon Pacheco,Pto. de Calidad Campo Rincon Pacheco T.R.,10/9/2017 05:00,99.1573,0.1327,0.1594,0.2921,0.2677,254.7322,0.054,37.939,50.63,1.9482
S-CMBGN031-TR07,CRE 56 San Pablo Rincon Pacheco,Pto. de Calidad Campo Rincon Pacheco T.R.,11/9/2017 05:00,99.1398,0.1337,0.165,0.2986,0.2751,255.6512,0.054,37.9419,50.6283,2.0631
S-CMBGN031-TR07,CRE 56 San Pablo Rincon Pacheco,Pto. de Calidad Campo Rincon Pacheco T.R.,12/9/2017 05:00,99.1651,0.1103,0.1642,0.2745,0.2727,256.6409,0.0541,37.9513,50.6508,2.8511
S-CMBGN031-TR07,CRE 56 San Pablo Rincon Pacheco,Pto. de Calidad Campo Rincon Pacheco T.R.,13/9/2017 05:00,99.1842,0.1024,0.1612,0.2636,0.2679,255.8451,0.054,37.9515,50.6583,2.0531
S-CMBGN031-TR07,CRE 56 San Pablo Rincon Pacheco,Pto. de Calidad Campo Rincon Pacheco T.R.,14/9/2017 05:00,99.1869,0.1005,0.1604,0.261,0.2677,256.2674,0.054,37.9523,50.6603,2.086
S-CMBGN041-TR10,CRE 58 Cauchy,Pto. de Calidad Campo Cauchy T.R.,8/9/2017 05:00,98.44,0.1271,0.2886,0.4157,0.7005,265.0214,1.2293,38.1667,50.6907,0.2996
S-CMBGN041-TR10,CRE 58 Cauchy,Pto. de Calidad Campo Cauchy T.R.,9/9/2017 05:00,98.4513,0.1269,0.2879,0.4148,0.696,263.8225,1.1323,38.1598,50.6853,0.301
S-CMBGN041-TR10,CRE 58 Cauchy,Pto. de Calidad Campo Cauchy T.R.,10/9/2017 05:00,98.4222,0.1277,0.2864,0.4141,0.7132,261.905,1.1172,38.1735,50.7093,0.3104
S-CMBGN041-TR10,CRE 58 Cauchy,Pto. de Calidad Campo Cauchy T.R.,11/9/2017 05:00,98.4214,0.1278,0.2879,0.4157,0.7118,263.7738,1.2933,38.1746,50.7004,0.3354
S-CMBGN041-TR10,CRE 58 Cauchy,Pto. de Calidad Campo Cauchy T.R.,12/9/2017 05:00,98.4221,0.1278,0.2896,0.4175,0.7094,264.6454,1.304,38.1741,50.6981,0.3532
S-CMBGN041-TR10,CRE 58 Cauchy,Pto. de Calidad Campo Cauchy T.R.,13/9/2017 05:00,98.4408,0.1275,0.2901,0.4175,0.6989,266.3936,1.3294,38.1662,50.6872,0.3405
S-CMBGN041-TR10,CRE 58 Cauchy,Pto. de Calidad Campo Cauchy T.R.,14/9/2017 05:00,98.4268,0.1278,0.2889,0.4167,0.7055,267.0758,1.4813,38.1744,50.7042,0.3676
S-CMEGN021-TR02,CRE 48 El Veinte,Pto. de Calidad Campo Veinte T.R.,8/9/2017 05:00,98.2814,0.2451,0.2507,0.4958,0.9217,226.3348,9.621,38.0854,50.5876,1.7282
S-CMEGN021-TR02,CRE 48 El Veinte,Pto. de Calidad Campo Veinte T.R.,9/9/2017 05:00,98.2753,0.2514,0.2502,0.5016,0.9224,221.3489,10.4215,38.0825,50.5816,1.6325
S-CMEGN021-TR02,CRE 48 El Veinte,Pto. de Calidad Campo Veinte T.R.,10/9/2017 05:00,98.2712,0.252,0.2501,0.502,0.9241,223.0685,10.1163,38.0845,50.5824,1.8527
S-CMEGN021-TR02,CRE 48 El Veinte,Pto. de Calidad Campo Veinte T.R.,11/9/2017 05:00,98.2699,0.2509,0.2499,0.5009,0.9248,224.4746,9.0452,38.0868,50.5845,2.0558
S-CMEGN021-TR02,CRE 48 El Veinte,Pto. de Calidad Campo Veinte T.R.,12/9/2017 05:00,98.2617,0.2514,0.2493,0.5007,0.9294,231.7712,10.9028,38.0912,50.587,2.0573
S-CMEGN021-TR02,CRE 48 El Veinte,Pto. de Calidad Campo Veinte T.R.,13/9/2017 05:00,98.2566,0.2553,0.2489,0.5042,0.9307,227.1267,11.3082,38.0903,50.5838,2.1702
S-CMEGN021-TR02,CRE 48 El Veinte,Pto. de Calidad Campo Veinte T.R.,14/9/2017 05:00,98.2542,0.2545,0.2491,0.5036,0.9326,227.3472,11.6697,38.092,50.5853,2.4103
S-GUBGN030-TR01,CRE 23 Guadalajara,Pto. de Calidad El Castillo T.R.,8/9/2017 09:00,94.8874,0.043,0.1684,0.2113,4.6141,206.3534,2.8207,39.1901,51.3938,0.0441
S-GUBGN030-TR01,CRE 23 Guadalajara,Pto. de Calidad El Castillo T.R.,9/9/2017 09:00,95.0164,0,0.1594,0.1594,4.5377,204.0726,0,39.1869,51.4269,0.045
S-GUBGN030-TR01,CRE 23 Guadalajara,Pto. de Calidad El Castillo T.R.,10/9/2017 09:00,95.6072,0,0.0958,0.0958,4.0139,202.7498,0.0483,39.0605,51.3865,0.0192
S-GUBGN030-TR01,CRE 23 Guadalajara,Pto. de Calidad El Castillo T.R.,11/9/2017 09:00,95.8277,0,0.0706,0.0706,3.8196,202.2608,0.0613,39.0143,51.3727,0.0141
S-GUBGN030-TR01,CRE 23 Guadalajara,Pto. de Calidad El Castillo T.R.,12/9/2017 09:00,95.6347,0.0482,0.102,0.1502,3.9438,206.8223,0.0586,39.0131,51.3225,0.0103
S-GUBGN030-TR01,CRE 23 Guadalajara,Pto. de Calidad El Castillo T.R.,13/9/2017 09:00,95.8115,0,0.0745,0.0745,3.831,202.4986,0.0479,39.0167,51.3722,0.0227
S-GUBGN030-TR01,CRE 23 Guadalajara,Pto. de Calidad El Castillo T.R.,14/9/2017 09:00,95.3608,0,0.1129,0.1129,4.2565,203.2249,0.2763,39.1151,51.4089,0.0206
S-HEBGN252-TR04,CRE 65 Naco-Hermosillo,Pto. de Calidad PR Fenosa T.R.,8/9/2017 09:00,89.0014,0.1295,1.9875,2.117,7.8487,222.0065,5.4074,39.8368,50.8711,0.1826
S-HEBGN252-TR04,CRE 65 Naco-Hermosillo,Pto. de Calidad PR Fenosa T.R.,9/9/2017 09:00,88.8266,0.0929,2.0335,2.1265,8.106,219.0361,7.2211,39.8409,50.8778,0.2203
S-HEBGN252-TR04,CRE 65 Naco-Hermosillo,Pto. de Calidad PR Fenosa T.R.,10/9/2017 09:00,88.7721,0.0894,2.0116,2.101,8.1226,219.4235,9.7913,39.8916,50.9184,0.185
S-HEBGN252-TR04,CRE 65 Naco-Hermosillo,Pto. de Calidad PR Fenosa T.R.,11/9/2017 09:00,88.842,0.0751,2.0056,2.0806,8.1425,218.4288,10.3357,39.8592,50.9126,0.2505
S-HEBGN252-TR04,CRE 65 Naco-Hermosillo,Pto. de Calidad PR Fenosa T.R.,12/9/2017 09:00,89.1247,0.0962,1.9353,2.0315,7.9392,217.6618,7.8175,39.801,50.8964,0.2391
S-HEBGN252-TR04,CRE 65 Naco-Hermosillo,Pto. de Calidad PR Fenosa T.R.,13/9/2017 09:00,89.45,0.1272,1.8645,1.9917,7.7159,216.8985,8.061,39.7182,50.86,0.2537
S-HEBGN252-TR04,CRE 65 Naco-Hermosillo,Pto. de Calidad PR Fenosa T.R.,14/9/2017 09:00,89.5388,0.1267,1.9316,2.0583,7.6562,215.9246,7.8599,39.6212,50.7758,0.2092
S-MABGN040-TR06,CRE 13 Madero II,Pto. de Calidad El Blanco T.R.,8/9/2017 09:00,92.6778,0.7718,0.2432,1.015,5.707,247.6079,25.8628,39.4059,50.969,0.4468
S-MABGN040-TR06,CRE 13 Madero II,Pto. de Calidad El Blanco T.R.,9/9/2017 09:00,92.8171,0.7537,0.197,0.9507,5.4453,246.1665,26.233,39.4792,51.0427,0.4475
S-MABGN040-TR06,CRE 13 Madero II,Pto. de Calidad El Blanco T.R.,10/9/2017 09:00,93.0489,0.6884,0.1862,0.8746,5.1654,242.9071,25.3647,39.5031,51.1055,0.4458
S-MABGN040-TR06,CRE 13 Madero II,Pto. de Calidad El Blanco T.R.,11/9/2017 09:00,93.3783,0.6317,0.1888,0.8205,4.7999,240.9777,24.355,39.4762,51.1279,0.4461
S-MABGN040-TR06,CRE 13 Madero II,Pto. de Calidad El Blanco T.R.,12/9/2017 09:00,93.4802,0.6801,0.2001,0.8802,4.7192,245.4264,27.1199,39.3813,51.0362,0.4462
S-MABGN040-TR06,CRE 13 Madero II,Pto. de Calidad El Blanco T.R.,13/9/2017 09:00,93.4992,0.7898,0.2057,0.9955,4.902,249.1936,31.1365,39.1889,50.8506,0.4468
S-MABGN040-TR06,CRE 13 Madero II,Pto. de Calidad El Blanco T.R.,14/9/2017 09:00,94.0464,0.8198,0.2552,1.075,4.5341,248.5011,34.171,38.8897,50.6387,0.4541
S-MABGN050-TR07,CRE 12 Madero I,Pto. de Calidad Lomas del Real T.R.,8/9/2017 09:00,92.6212,0.8855,0.2751,1.1606,5.8864,246.3869,0,39.2315,50.7789,0.2455
S-MABGN050-TR07,CRE 12 Madero I,Pto. de Calidad Lomas del Real T.R.,9/9/2017 09:00,92.9064,0.9252,0.2383,1.1635,5.5961,247.3841,0,39.1523,50.7232,0.2669
S-MABGN050-TR07,CRE 12 Madero I,Pto. de Calidad Lomas del Real T.R.,10/9/2017 09:00,93.3129,0.9073,0.2403,1.1476,5.2224,245.9167,0,39.039,50.6703,0.267
S-MABGN050-TR07,CRE 12 Madero I,Pto. de Calidad Lomas del Real T.R.,11/9/2017 09:00,93.7832,0.1596,0.2508,0.4104,4.7879,246.4764,0,38.9161,50.6186,0.2227
S-MABGN050-TR07,CRE 12 Madero I,Pto. de Calidad Lomas del Real T.R.,12/9/2017 09:00,93.8478,0.6795,0.2583,0.9378,4.6655,249.0785,3.439,38.8884,50.5825,0.2294
S-MABGN050-TR07,CRE 12 Madero I,Pto. de Calidad Lomas del Real T.R.,13/9/2017 09:00,93.5467,0.6755,0.2302,0.9057,5.0179,246.9768,4.2508,38.9939,50.663,0.1917
S-MABGN050-TR07,CRE 12 Madero I,Pto. de Calidad Lomas del Real T.R.,14/9/2017 09:00,94.147,0.5432,0.275,0.8182,4.4578,247.734,3.0532,38.8136,50.5735,0.1627
S-MABGN160-TR03,CRE Iberdrola Altamira,Pto. de Calidad IBERDROLA T.R.,8/9/2017 09:00,92.554,0.7941,0.2566,1.0507,5.8377,220.9012,0.0004,39.4045,50.9452,0.0123
S-MABGN160-TR03,CRE Iberdrola Altamira,Pto. de Calidad IBERDROLA T.R.,9/9/2017 09:00,92.7392,0.761,0.2045,0.9655,5.549,222.8007,0.0004,39.4775,51.0317,0.0163
S-MABGN160-TR03,CRE Iberdrola Altamira,Pto. de Calidad IBERDROLA T.R.,10/9/2017 09:00,93.0069,0.6974,0.1974,0.8948,5.2374,222.5462,0.0001,39.486,51.0829,0.0213
S-MABGN160-TR03,CRE Iberdrola Altamira,Pto. de Calidad IBERDROLA T.R.,11/9/2017 09:00,93.3126,0.6365,0.197,0.8335,4.9098,222.3292,0,39.4673,51.1142,0.0148
S-MABGN160-TR03,CRE Iberdrola Altamira,Pto. de Calidad IBERDROLA T.R.,12/9/2017 09:00,93.4242,0.7065,0.2138,0.9203,4.8186,223.1374,0.0001,39.3437,50.989,0.018
S-MABGN160-TR03,CRE Iberdrola Altamira,Pto. de Calidad IBERDROLA T.R.,13/9/2017 09:00,93.3493,0.8082,0.2203,1.0285,5.0823,221.5771,0.0003,39.1896,50.8301,0.0164
S-MABGN160-TR03,CRE Iberdrola Altamira,Pto. de Calidad IBERDROLA T.R.,14/9/2017 09:00,94.068,0.838,0.2815,1.1196,4.5144,219.3124,0.0002,38.8395,50.5838,0.0153
S-MIBGN030-TR12,CRE 33 Pecosa Baja,Pto. de Calidad Gas de Baja Mina T.R.,8/9/2017 09:00,86.516,0.0841,9.3849,9.469,3.7231,235.1776,802.1748,35.4433,45.1676,0
S-MIBGN030-TR12,CRE 33 Pecosa Baja,Pto. de Calidad Gas de Baja Mina T.R.,9/9/2017 09:00,89.3494,0.1713,6.7899,6.9612,3.3908,247.6345,802.1748,36.3018,46.6963,0
S-MIBGN030-TR12,CRE 33 Pecosa Baja,Pto. de Calidad Gas de Baja Mina T.R.,10/9/2017 09:00,92.5625,0.2678,4.0525,4.3204,2.7389,256.2792,802.1748,37.1769,48.3233,0
S-MIBGN030-TR12,CRE 33 Pecosa Baja,Pto. de Calidad Gas de Baja Mina T.R.,11/9/2017 09:00,86.2335,0.0546,10.1003,10.1549,3.4072,222.3512,802.1748,35.0294,44.6395,0
S-MIBGN030-TR12,CRE 33 Pecosa Baja,Pto. de Calidad Gas de Baja Mina T.R.,12/9/2017 09:00,85.7732,0.0121,10.323,10.3351,3.6906,213.5764,802.1748,35.0367,44.5837,0
S-MIBGN030-TR12,CRE 33 Pecosa Baja,Pto. de Calidad Gas de Baja Mina T.R.,13/9/2017 09:00,85.5717,0.0014,10.3283,10.3296,3.8502,228.0916,802.1748,35.1184,44.6413,0
S-MIBGN030-TR12,CRE 33 Pecosa Baja,Pto. de Calidad Gas de Baja Mina T.R.,14/9/2017 09:00,83.5522,0.0066,12.1762,12.1827,3.9554,236.5017,802.1748,34.4922,43.531,0
S-MIBGN091-TR02,CRE 32 Pecosa Alta,Pto. de Calidad Pecosa Alta Presión T.R.,8/9/2017 09:00,86.516,0.0841,9.3849,9.469,3.7231,235.1776,0,35.4433,45.1676,0
S-MIBGN091-TR02,CRE 32 Pecosa Alta,Pto. de Calidad Pecosa Alta Presión T.R.,9/9/2017 09:00,89.3494,0.1713,6.7899,6.9612,3.3908,247.6345,0,36.3018,46.6963,0
S-MIBGN091-TR02,CRE 32 Pecosa Alta,Pto. de Calidad Pecosa Alta Presión T.R.,10/9/2017 09:00,92.5625,0.2678,4.0525,4.3204,2.7389,256.2792,0,37.1769,48.3233,0
S-MIBGN091-TR02,CRE 32 Pecosa Alta,Pto. de Calidad Pecosa Alta Presión T.R.,11/9/2017 09:00,86.2335,0.0546,10.1003,10.1549,3.4072,222.3512,0,35.0294,44.6395,0
S-MIBGN091-TR02,CRE 32 Pecosa Alta,Pto. de Calidad Pecosa Alta Presión T.R.,12/9/2017 09:00,85.7732,0.0121,10.323,10.3351,3.6906,213.5764,0,35.0367,44.5837,0
S-MIBGN091-TR02,CRE 32 Pecosa Alta,Pto. de Calidad Pecosa Alta Presión T.R.,13/9/2017 09:00,85.5717,0.0014,10.3283,10.3296,3.8502,228.0916,0,35.1184,44.6413,0
S-MIBGN091-TR02,CRE 32 Pecosa Alta,Pto. de Calidad Pecosa Alta Presión T.R.,14/9/2017 09:00,83.5522,0.0066,12.1762,12.1827,3.9554,236.5017,0,34.4922,43.531,0
S-MIBGN140-TR04,CRE 41 CPG La Venta,Pto. de Calidad La Venta T.R.,8/9/2017 05:00,89.264,0.01,6.806,6.816,3.64,,,36.3803,46.8323,
S-MIBGN140-TR04,CRE 41 CPG La Venta,Pto. de Calidad La Venta T.R.,9/9/2017 05:00,88.918,0.017,7.046,7.063,3.773,,,36.3055,46.6828,
S-MIBGN140-TR04,CRE 41 CPG La Venta,Pto. de Calidad La Venta T.R.,10/9/2017 05:00,90.246,0,6.109,6.109,3.415,,,36.5552,47.2362,
S-MIBGN140-TR04,CRE 41 CPG La Venta,Pto. de Calidad La Venta T.R.,11/9/2017 05:00,89.886,0.001,6.619,6.62,3.304,,,36.3082,46.8707,
S-MIBGN140-TR04,CRE 41 CPG La Venta,Pto. de Calidad La Venta T.R.,12/9/2017 05:00,89.393,0.001,6.931,6.932,3.422,,,36.2595,46.7115,
S-MIBGN140-TR04,CRE 41 CPG La Venta,Pto. de Calidad La Venta T.R.,13/9/2017 05:00,88.578,0.001,7.725,7.726,3.484,,,35.954,46.1963,
S-MIBGN140-TR04,CRE 41 CPG La Venta,Pto. de Calidad La Venta T.R.,14/9/2017 05:00,89.3329,0.042,7.1021,7.1441,3.312,,,36.1245,46.5315,
S-MIBGN150-TR06,CRE 47 Pajaritos (Criogénica),Pto. de Calidad Pajaritos B.P. T.R.,8/9/2017 09:00,91.104,2.621,4.523,7.144,1.688,,,35.5904,45.6494,
S-MIBGN150-TR06,CRE 47 Pajaritos (Criogénica),Pto. de Calidad Pajaritos B.P. T.R.,9/9/2017 09:00,93.072,2.6,3.365,5.965,0.952,,,35.7878,46.2558,
S-MIBGN150-TR06,CRE 47 Pajaritos (Criogénica),Pto. de Calidad Pajaritos B.P. T.R.,10/9/2017 09:00,92.214,3.055,3.656,6.711,1.05,,,35.5418,45.701,
S-MIBGN150-TR06,CRE 47 Pajaritos (Criogénica),Pto. de Calidad Pajaritos B.P. T.R.,11/9/2017 09:00,92.8364,2.169,3.9973,6.1663,0.9769,,,35.7255,46.2267,
S-MIBGN150-TR06,CRE 47 Pajaritos (Criogénica),Pto. de Calidad Pajaritos B.P. T.R.,12/9/2017 09:00,88.824,0.042,9.745,9.787,1.374,,,34.4668,44.413,
S-MIBGN150-TR06,CRE 47 Pajaritos (Criogénica),Pto. de Calidad Pajaritos B.P. T.R.,13/9/2017 09:00,86.352,0.051,8.884,8.935,4.495,,,35.789,45.5988,
S-MIBGN150-TR06,CRE 47 Pajaritos (Criogénica),Pto. de Calidad Pajaritos B.P. T.R.,14/9/2017 09:00,89.464,0.041,9.063,9.104,1.416,,,34.7374,44.8588,
S-MIBGN150-TR07,CRE 34 Caseta General Pajaritos,Pto. de Calidad Caseta Gral. Pajaritos T.R.,8/9/2017 09:00,91.045,2.644,4.615,7.259,1.667,,,35.5119,45.5488,
S-MIBGN150-TR07,CRE 34 Caseta General Pajaritos,Pto. de Calidad Caseta Gral. Pajaritos T.R.,9/9/2017 09:00,93.07,2.602,3.362,5.964,0.954,,,35.7893,46.2567,
S-MIBGN150-TR07,CRE 34 Caseta General Pajaritos,Pto. de Calidad Caseta Gral. Pajaritos T.R.,10/9/2017 09:00,92.287,3.029,3.609,6.638,1.032,,,35.5744,45.7565,
S-MIBGN150-TR07,CRE 34 Caseta General Pajaritos,Pto. de Calidad Caseta Gral. Pajaritos T.R.,11/9/2017 09:00,92.7763,1.983,4.2756,6.2586,0.9486,,,35.6792,46.1996,
S-MIBGN150-TR07,CRE 34 Caseta General Pajaritos,Pto. de Calidad Caseta Gral. Pajaritos T.R.,12/9/2017 09:00,88.568,0.042,10.037,10.079,1.341,,,34.3455,44.2195,
S-MIBGN150-TR07,CRE 34 Caseta General Pajaritos,Pto. de Calidad Caseta Gral. Pajaritos T.R.,13/9/2017 09:00,88.518,0.05,9.647,9.697,1.755,,,34.618,44.5454,
S-MIBGN150-TR07,CRE 34 Caseta General Pajaritos,Pto. de Calidad Caseta Gral. Pajaritos T.R.,14/9/2017 09:00,89.464,0.041,9.063,9.104,1.416,,,34.7374,44.8588,
S-MTBGN040-TR15,CRE CFE CCC Huinala,Pto. de Calidad CCC Huinala T.R.,8/9/2017 09:00,94.7628,1.5894,0.1103,1.6996,3.1367,,0,38.3434,49.8614,0
S-MTBGN040-TR15,CRE CFE CCC Huinala,Pto. de Calidad CCC Huinala T.R.,9/9/2017 09:00,95.5347,1.6513,0.1049,1.7562,2.3486,,0,38.0683,49.6614,0
S-MTBGN040-TR15,CRE CFE CCC Huinala,Pto. de Calidad CCC Huinala T.R.,10/9/2017 09:00,95.4912,1.7285,0.0988,1.8273,2.2866,,0,38.0498,49.6005,0
S-MTBGN040-TR15,CRE CFE CCC Huinala,Pto. de Calidad CCC Huinala T.R.,11/9/2017 09:00,95.7761,1.7807,0.0881,1.8689,1.9379,,0,37.959,49.5167,0
S-MTBGN040-TR15,CRE CFE CCC Huinala,Pto. de Calidad CCC Huinala T.R.,12/9/2017 09:00,95.8038,1.7021,0.0995,1.8016,1.9973,,0,37.9806,49.5778,0
S-MTBGN040-TR15,CRE CFE CCC Huinala,Pto. de Calidad CCC Huinala T.R.,13/9/2017 09:00,95.6924,1.7343,0.1002,1.8345,2.0977,,0,37.9821,49.5565,0
S-MTBGN040-TR15,CRE CFE CCC Huinala,Pto. de Calidad CCC Huinala T.R.,14/9/2017 09:00,95.7165,1.6691,0.1028,1.7719,2.1414,,0,38.013,49.6179,0
S-MTBGN180-TR25,CRE 8 Apodaca,"Pto. de Calidad Apodaca 22"" T.R.",8/9/2017 09:00,94.1909,1.1852,0.173,1.3582,4.2088,250.2567,41.3541,38.6346,50.2785,1.6408
S-MTBGN180-TR25,CRE 8 Apodaca,"Pto. de Calidad Apodaca 22"" T.R.",9/9/2017 09:00,94.5497,1.2278,0.1684,1.3962,3.8341,249.7055,39.2017,38.4989,50.1734,1.7789
S-MTBGN180-TR25,CRE 8 Apodaca,"Pto. de Calidad Apodaca 22"" T.R.",10/9/2017 09:00,94.3464,1.1992,0.1831,1.3823,4.0307,238.4543,35.114,38.5351,50.1749,2.2673
S-MTBGN180-TR25,CRE 8 Apodaca,"Pto. de Calidad Apodaca 22"" T.R.",11/9/2017 09:00,94.6294,1.3714,0.1558,1.5272,3.6377,247.2949,36.8243,38.3882,50.0167,3.0939
S-MTBGN180-TR25,CRE 8 Apodaca,"Pto. de Calidad Apodaca 22"" T.R.",12/9/2017 09:00,94.7863,1.395,0.1561,1.5511,3.4589,251.7041,33.5971,38.3273,49.9652,3.2575
S-MTBGN180-TR25,CRE 8 Apodaca,"Pto. de Calidad Apodaca 22"" T.R.",13/9/2017 09:00,94.771,1.3734,0.1675,1.5409,3.4938,250.1216,35.7085,38.3329,49.9781,2.8676
S-MTBGN180-TR25,CRE 8 Apodaca,"Pto. de Calidad Apodaca 22"" T.R.",14/9/2017 09:00,94.9499,1.2436,0.1789,1.4225,3.4365,250.017,35.81,38.3574,50.0763,2.2642
S-MTBGN190-TR23,CRE 9 Red Monclova,Pto. de Calidad Castaños T.R.,8/9/2017 09:00,93.9053,0.7856,0.3596,1.1452,4.6564,271.6859,0,38.895,50.6178,0
S-MTBGN190-TR23,CRE 9 Red Monclova,Pto. de Calidad Castaños T.R.,9/9/2017 09:00,94.2417,0.9203,0.2765,1.1968,4.3082,272.6183,0,38.7564,50.4835,0
S-MTBGN190-TR23,CRE 9 Red Monclova,Pto. de Calidad Castaños T.R.,10/9/2017 09:00,94.8514,0.9357,0.3259,1.2616,3.667,271.2752,0,38.5246,50.3179,0
S-MTBGN190-TR23,CRE 9 Red Monclova,Pto. de Calidad Castaños T.R.,11/9/2017 09:00,94.4435,0.8546,0.3148,1.1694,4.1551,271.3228,0,38.7056,50.4826,0
S-MTBGN190-TR23,CRE 9 Red Monclova,Pto. de Calidad Castaños T.R.,12/9/2017 09:00,93.9613,0.6573,0.309,0.9663,4.8302,268.4851,0,38.973,50.7744,0
S-MTBGN190-TR23,CRE 9 Red Monclova,Pto. de Calidad Castaños T.R.,13/9/2017 09:00,93.6853,0.7021,0.2866,0.9887,5.0968,266.179,0,39.0282,50.785,0
S-MTBGN190-TR23,CRE 9 Red Monclova,Pto. de Calidad Castaños T.R.,14/9/2017 09:00,95.1082,0.9564,0.3196,1.276,3.4006,273.7522,0,38.447,50.2618,0
S-MTBGN210-TR04,CRE 3 Escobedo Baja,Pto. de Calidad Cabezal Baja T.R.,8/9/2017 09:00,94.1921,1.1851,0.173,1.3581,4.2079,250.2459,17.1679,38.6342,50.2783,3.0277
S-MTBGN210-TR04,CRE 3 Escobedo Baja,Pto. de Calidad Cabezal Baja T.R.,9/9/2017 09:00,94.551,1.2282,0.1684,1.3966,3.8324,249.7171,13.2674,38.4984,50.1727,3.1862
S-MTBGN210-TR04,CRE 3 Escobedo Baja,Pto. de Calidad Cabezal Baja T.R.,10/9/2017 09:00,94.2524,1.2067,0.1835,1.3902,4.1923,236.7598,13.7534,38.5622,50.2178,3.717
S-MTBGN210-TR04,CRE 3 Escobedo Baja,Pto. de Calidad Cabezal Baja T.R.,11/9/2017 09:00,94.6343,1.3721,0.1556,1.5277,3.6315,247.5329,15.2399,38.3869,50.0156,4.1498
S-MTBGN210-TR04,CRE 3 Escobedo Baja,Pto. de Calidad Cabezal Baja T.R.,12/9/2017 09:00,94.7817,1.3943,0.1563,1.5506,3.4653,251.6817,14.8593,38.3285,49.9663,3.9065
S-MTBGN210-TR04,CRE 3 Escobedo Baja,Pto. de Calidad Cabezal Baja T.R.,13/9/2017 09:00,94.7754,1.3734,0.1675,1.5409,3.4885,250.1277,15.5727,38.3319,49.9776,3.7443
S-MTBGN210-TR04,CRE 3 Escobedo Baja,Pto. de Calidad Cabezal Baja T.R.,14/9/2017 09:00,94.9508,1.2438,0.1788,1.4226,3.4355,250.0296,14.9678,38.3572,50.0761,1.9523
S-MTBGN210-TR05,CRE 2 Escobedo Alta,Pto. de Calidad Cabezal Alta T.R.,8/9/2017 09:00,93.6995,0.819,0.2196,1.0386,4.9905,243.0761,22.3836,38.9853,50.7102,0
S-MTBGN210-TR05,CRE 2 Escobedo Alta,Pto. de Calidad Cabezal Alta T.R.,9/9/2017 09:00,93.935,0.7449,0.1992,0.9441,4.8542,241.3824,22.5322,38.9798,50.7677,0
S-MTBGN210-TR05,CRE 2 Escobedo Alta,Pto. de Calidad Cabezal Alta T.R.,10/9/2017 09:00,93.636,0.6768,0.2281,0.9049,5.219,241.7566,22.5046,39.0785,50.8579,0
S-MTBGN210-TR05,CRE 2 Escobedo Alta,Pto. de Calidad Cabezal Alta T.R.,11/9/2017 09:00,93.4955,0.7027,0.2105,0.9131,5.3406,243.4327,22.2838,39.1189,50.8708,0
S-MTBGN210-TR05,CRE 2 Escobedo Alta,Pto. de Calidad Cabezal Alta T.R.,12/9/2017 09:00,93.2248,0.7189,0.1899,0.9088,5.63,242.2744,24.7881,39.1919,50.9103,0
S-MTBGN210-TR05,CRE 2 Escobedo Alta,Pto. de Calidad Cabezal Alta T.R.,13/9/2017 09:00,94.2636,0.6432,0.2611,0.9043,4.6168,240.0947,25.0349,38.8921,50.7607,0
S-MTBGN210-TR05,CRE 2 Escobedo Alta,Pto. de Calidad Cabezal Alta T.R.,14/9/2017 09:00,95.3946,0.6221,0.2847,0.9068,3.4977,242.4783,25.0331,38.5642,50.5784,0
S-MTBGN221-TR24,CRE 1 Ramones,Pto. de Calidad Ramones T.R.,8/9/2017 09:00,93.4484,0.8456,0.188,1.0335,5.2414,250.8456,0,39.0638,50.7507,0
S-MTBGN221-TR24,CRE 1 Ramones,Pto. de Calidad Ramones T.R.,9/9/2017 09:00,93.4686,0.7363,0.2113,0.9477,5.3248,247.9813,0,39.1042,50.8387,0
S-MTBGN221-TR24,CRE 1 Ramones,Pto. de Calidad Ramones T.R.,10/9/2017 09:00,93.0411,0.7161,0.231,0.9471,5.7562,249.4597,0,39.2261,50.9129,0
S-MTBGN221-TR24,CRE 1 Ramones,Pto. de Calidad Ramones T.R.,11/9/2017 09:00,93.0835,0.7572,0.1883,0.9455,5.7199,250.5645,0,39.2154,50.8978,0
S-MTBGN221-TR24,CRE 1 Ramones,Pto. de Calidad Ramones T.R.,12/9/2017 09:00,92.7708,0.7335,0.2064,0.9399,6.0493,247.8107,0,39.3015,50.9547,0
S-MTBGN221-TR24,CRE 1 Ramones,Pto. de Calidad Ramones T.R.,13/9/2017 09:00,94.6197,0.646,0.2877,0.9337,4.2367,248.0251,0,38.7693,50.6769,0
S-MTBGN221-TR24,CRE 1 Ramones,Pto. de Calidad Ramones T.R.,14/9/2017 09:00,95.2076,0.6748,0.2419,0.9167,3.6837,248.3689,0,38.6078,50.586,0
S-MTBGN230-TR06,CRE 7 Santa Rosa,Pto. de Calidad Santa Rosa T.R.,8/9/2017 09:00,94.4605,1.0712,0.2745,1.3457,4.0801,238.7392,0,38.5073,50.2387,1.3953
S-MTBGN230-TR06,CRE 7 Santa Rosa,Pto. de Calidad Santa Rosa T.R.,9/9/2017 09:00,94.4605,1.0712,0.2745,1.3457,4.0801,238.7392,0,38.5073,50.2387,1.3953
S-MTBGN230-TR06,CRE 7 Santa Rosa,Pto. de Calidad Santa Rosa T.R.,10/9/2017 09:00,94.4605,1.0712,0.2745,1.3457,4.0801,238.7392,0,38.5073,50.2387,1.3953
S-MTBGN230-TR06,CRE 7 Santa Rosa,Pto. de Calidad Santa Rosa T.R.,11/9/2017 09:00,94.8459,1.1797,0.2181,1.3978,3.5688,246.6738,0,38.3992,50.127,1.3953
S-MTBGN230-TR06,CRE 7 Santa Rosa,Pto. de Calidad Santa Rosa T.R.,12/9/2017 09:00,94.9551,1.2105,0.2021,1.4126,3.4239,248.9317,0,38.3685,50.0953,1.3953
S-MTBGN230-TR06,CRE 7 Santa Rosa,Pto. de Calidad Santa Rosa T.R.,13/9/2017 09:00,94.9551,1.2105,0.2021,1.4126,3.4239,248.9317,0,38.3685,50.0953,1.3953
S-MTBGN230-TR06,CRE 7 Santa Rosa,Pto. de Calidad Santa Rosa T.R.,14/9/2017 09:00,94.9551,1.2105,0.2021,1.4126,3.4239,248.9317,0,38.3685,50.0953,1.3953
S-MTBGN440-TR07,CRE Kinder Morgan Mty,Pto. de Calidad Kinder Morgan T.R.,8/9/2017 09:00,,,,,,,1.9631,,,1.0444
S-MTBGN440-TR07,CRE Kinder Morgan Mty,Pto. de Calidad Kinder Morgan T.R.,9/9/2017 09:00,,,,,,,1.4352,,,1.4836
S-MTBGN440-TR07,CRE Kinder Morgan Mty,Pto. de Calidad Kinder Morgan T.R.,11/9/2017 09:00,,,,,,,1.9748,,,1.5917
S-MTBGN440-TR07,CRE Kinder Morgan Mty,Pto. de Calidad Kinder Morgan T.R.,12/9/2017 09:00,,,,,,,1.7006,,,0.9313
S-MTBGN440-TR07,CRE Kinder Morgan Mty,Pto. de Calidad Kinder Morgan T.R.,13/9/2017 09:00,,,,,,,2.1053,,,0.8552
S-MTBGN440-TR07,CRE Kinder Morgan Mty,Pto. de Calidad Kinder Morgan T.R.,14/9/2017 09:00,,,,,,,1.9845,,,0.8776
S-PRBGN220-TR05,CRE 43 CPG Poza Rica,Pto. de Calidad Fza. y Engia. Tuxpan T.R.,8/9/2017 09:00,92.5722,0.763,0.2922,1.0552,5.7994,,,39.399,50.946,
S-PRBGN220-TR05,CRE 43 CPG Poza Rica,Pto. de Calidad Fza. y Engia. Tuxpan T.R.,9/9/2017 09:00,92.7344,0.7816,0.2853,1.067,5.6126,,,39.3491,50.908,
S-PRBGN220-TR05,CRE 43 CPG Poza Rica,Pto. de Calidad Fza. y Engia. Tuxpan T.R.,10/9/2017 09:00,92.884,0.7335,0.2462,0.9797,5.4004,,,39.42,50.9981,
S-PRBGN220-TR05,CRE 43 CPG Poza Rica,Pto. de Calidad Fza. y Engia. Tuxpan T.R.,11/9/2017 09:00,93.2572,0.6658,0.2466,0.9124,4.9738,,,39.3982,51.0317,
S-PRBGN220-TR05,CRE 43 CPG Poza Rica,Pto. de Calidad Fza. y Engia. Tuxpan T.R.,12/9/2017 09:00,93.4256,0.6129,0.2414,0.8543,4.7907,,,39.4145,51.0795,
S-PRBGN220-TR05,CRE 43 CPG Poza Rica,Pto. de Calidad Fza. y Engia. Tuxpan T.R.,13/9/2017 09:00,93.5066,0.7336,0.2634,0.9971,4.7419,,,39.2377,50.887,
S-PRBGN220-TR05,CRE 43 CPG Poza Rica,Pto. de Calidad Fza. y Engia. Tuxpan T.R.,14/9/2017 09:00,93.4357,0.7941,0.2685,1.0626,5.0214,,,39.1177,50.7763,
S-REBGN070-TR11,CRE 59 Kinder Morgan Reynosa,Pto. de Calidad Imp. Kinder Morgan T.R.,8/9/2017 09:00,92.4504,1.0149,0.2205,1.2353,5.8228,265.8186,30.5449,39.3197,50.7639,0.0913
S-REBGN070-TR11,CRE 59 Kinder Morgan Reynosa,Pto. de Calidad Imp. Kinder Morgan T.R.,9/9/2017 09:00,94.2883,0.966,0.2456,1.2116,4.1394,264.6557,29.8666,38.7563,50.4655,0.1027
S-REBGN070-TR11,CRE 59 Kinder Morgan Reynosa,Pto. de Calidad Imp. Kinder Morgan T.R.,10/9/2017 09:00,95.4089,1.0142,0.2083,1.2224,3.05,266.2845,36.5797,38.4187,50.2559,0.2386
S-REBGN070-TR11,CRE 59 Kinder Morgan Reynosa,Pto. de Calidad Imp. Kinder Morgan T.R.,11/9/2017 09:00,95.4048,1.1911,0.2005,1.3916,2.8381,270.4232,45.878,38.3365,50.0894,0.1476
S-REBGN070-TR11,CRE 59 Kinder Morgan Reynosa,Pto. de Calidad Imp. Kinder Morgan T.R.,12/9/2017 09:00,95.235,1.1165,0.1789,1.2954,3.1713,265.942,40.427,38.413,50.1952,0.0009
S-REBGN070-TR11,CRE 59 Kinder Morgan Reynosa,Pto. de Calidad Imp. Kinder Morgan T.R.,13/9/2017 09:00,95.2283,1.1164,0.2934,1.4098,3.0564,268.0948,44.9634,38.3462,50.1049,0.0017
S-REBGN070-TR11,CRE 59 Kinder Morgan Reynosa,Pto. de Calidad Imp. Kinder Morgan T.R.,14/9/2017 09:00,95.5655,1.0395,0.2801,1.3196,2.8301,266.3852,44.7261,38.2987,50.1367,0.0006
S-REBGN080-TR25,CRE 60 Tetco,Pto. de Calidad Imp. TETCO T.R.,8/9/2017 09:00,97.3202,0.6323,0.1297,0.762,1.8226,235.9083,1.8092,38.0706,50.3591,0.0112
S-REBGN080-TR25,CRE 60 Tetco,Pto. de Calidad Imp. TETCO T.R.,9/9/2017 09:00,97.3202,0.6323,0.1297,0.762,1.8226,235.9083,1.8092,38.0706,50.3591,0.0229
S-REBGN080-TR25,CRE 60 Tetco,Pto. de Calidad Imp. TETCO T.R.,10/9/2017 09:00,97.3202,0.6323,0.1297,0.762,1.8226,235.9083,1.8092,38.0706,50.3591,0.035
S-REBGN080-TR25,CRE 60 Tetco,Pto. de Calidad Imp. TETCO T.R.,11/9/2017 09:00,97.3202,0.6323,0.1297,0.762,1.8226,235.9083,1.8092,38.0706,50.3591,0.0252
S-REBGN080-TR25,CRE 60 Tetco,Pto. de Calidad Imp. TETCO T.R.,12/9/2017 09:00,97.3202,0.6323,0.1297,0.762,1.8226,235.9083,1.8092,38.0706,50.3591,0.0279
S-REBGN080-TR25,CRE 60 Tetco,Pto. de Calidad Imp. TETCO T.R.,13/9/2017 09:00,97.3202,0.6323,0.1297,0.762,1.8226,235.9083,1.8092,38.0706,50.3591,0.0297
S-REBGN080-TR25,CRE 60 Tetco,Pto. de Calidad Imp. TETCO T.R.,14/9/2017 09:00,97.3202,0.6323,0.1297,0.762,1.8226,235.9083,1.8092,38.0706,50.3591,0.0274
S-REBGN081-TR04,CRE 61 Tennessee,Pto. de Calidad Imp. Tennessee T.R.,8/9/2017 09:00,92.9766,0.5648,0.1533,0.7181,6.0615,251.7546,1.2326,39.3949,51.1452,0.1838
S-REBGN081-TR04,CRE 61 Tennessee,Pto. de Calidad Imp. Tennessee T.R.,9/9/2017 09:00,94.3671,0.5794,0.1645,0.7439,4.64,253.5587,1.2091,38.9847,50.8986,0.1099
S-REBGN081-TR04,CRE 61 Tennessee,Pto. de Calidad Imp. Tennessee T.R.,10/9/2017 09:00,95.035,0.5232,0.1724,0.6955,4.042,253.6575,1.2058,38.8147,50.8385,0.1555
S-REBGN081-TR04,CRE 61 Tennessee,Pto. de Calidad Imp. Tennessee T.R.,11/9/2017 09:00,95.7038,0.6866,0.168,0.8546,3.2106,257.4999,1.2092,38.5284,50.563,0.1106
S-REBGN081-TR04,CRE 61 Tennessee,Pto. de Calidad Imp. Tennessee T.R.,12/9/2017 09:00,94.4027,0.5471,0.1658,0.7129,4.6917,250.2938,1.207,38.9733,50.9145,0.104
S-REBGN081-TR04,CRE 61 Tennessee,Pto. de Calidad Imp. Tennessee T.R.,13/9/2017 09:00,96.3851,0.4805,0.1889,0.6694,2.7981,247.2144,1.1999,38.42,50.6377,0.1053
S-REBGN081-TR04,CRE 61 Tennessee,Pto. de Calidad Imp. Tennessee T.R.,14/9/2017 09:00,97.4814,0.4918,0.1914,0.6833,1.6579,250.5727,1.2089,38.1142,50.4545,0.0981
S-REBGN120-TR01,CRE 4 GIMSA,"Pto. de Calidad GIMSA 12"" T.R.",8/9/2017 09:00,91.8593,0.3176,1.4512,1.7687,5.8246,248.9197,24.1046,39.1331,50.5818,0.014
S-REBGN120-TR01,CRE 4 GIMSA,"Pto. de Calidad GIMSA 12"" T.R.",9/9/2017 09:00,93.1158,0.329,1.5525,1.8814,4.4171,251.8534,25.894,38.7182,50.2906,0.0137
S-REBGN120-TR01,CRE 4 GIMSA,"Pto. de Calidad GIMSA 12"" T.R.",10/9/2017 09:00,93.655,0.3203,1.6284,1.9486,3.8915,252.6717,26.2976,38.496,50.1349,0.0127
S-REBGN120-TR01,CRE 4 GIMSA,"Pto. de Calidad GIMSA 12"" T.R.",11/9/2017 09:00,94.4965,0.3689,1.6009,1.9698,3.0146,252.8936,21.981,38.251,49.9722,0.0111
S-REBGN120-TR01,CRE 4 GIMSA,"Pto. de Calidad GIMSA 12"" T.R.",12/9/2017 09:00,93.4183,0.3123,1.553,1.8652,4.2667,247.7851,19.8529,38.5918,50.2298,0.0176
S-REBGN120-TR01,CRE 4 GIMSA,"Pto. de Calidad GIMSA 12"" T.R.",13/9/2017 09:00,94.918,0.2753,1.8008,2.0762,2.6587,245.4028,22.0729,37.9869,49.7942,0.0176
S-REBGN120-TR01,CRE 4 GIMSA,"Pto. de Calidad GIMSA 12"" T.R.",14/9/2017 09:00,96.1003,0.2757,1.7175,1.9933,1.5122,250.2057,28.2886,37.7356,49.6853,0.0169
S-REBGN260-TR07,"CRE 44 CPG Burgos 1,2 y 3",Pto. de Calidad CPG Burgos  criog. 1 2 3 T.R.,8/9/2017 05:00,93.3965,1.2514,0.1963,1.4476,5.1334,204.4325,0,38.7054,50.2647,0
S-REBGN260-TR07,"CRE 44 CPG Burgos 1,2 y 3",Pto. de Calidad CPG Burgos  criog. 1 2 3 T.R.,9/9/2017 05:00,93.4374,1.2447,0.1945,1.4392,5.0932,204.3811,0,38.7014,50.2677,0
S-REBGN260-TR07,"CRE 44 CPG Burgos 1,2 y 3",Pto. de Calidad CPG Burgos  criog. 1 2 3 T.R.,10/9/2017 05:00,93.3819,1.2924,0.1945,1.487,5.0961,204.4733,0,38.687,50.2268,0
S-REBGN260-TR07,"CRE 44 CPG Burgos 1,2 y 3",Pto. de Calidad CPG Burgos  criog. 1 2 3 T.R.,11/9/2017 05:00,93.378,1.261,0.1948,1.4558,5.1269,204.5823,0,38.7106,50.2617,0
S-REBGN260-TR07,"CRE 44 CPG Burgos 1,2 y 3",Pto. de Calidad CPG Burgos  criog. 1 2 3 T.R.,12/9/2017 05:00,93.4099,1.2461,0.2081,1.4542,5.1189,204.35,0,38.6961,50.2575,0
S-REBGN260-TR07,"CRE 44 CPG Burgos 1,2 y 3",Pto. de Calidad CPG Burgos  criog. 1 2 3 T.R.,13/9/2017 05:00,93.4382,1.2429,0.1948,1.4377,5.1122,204.3032,0,38.6971,50.2664,0
S-REBGN260-TR07,"CRE 44 CPG Burgos 1,2 y 3",Pto. de Calidad CPG Burgos  criog. 1 2 3 T.R.,14/9/2017 05:00,93.4279,1.2469,0.1944,1.4414,5.1171,204.3341,0,38.6982,50.2645,0
S-REBGN260-TR36,CRE 46 Burgos 5 y 6,Pto. de Calidad CPG Burgos Criog. 5 y 6 T.R,8/9/2017 05:00,93.7243,1.2137,0.1988,1.4125,4.8606,203.597,0,38.6294,50.2458,5.9712
S-REBGN260-TR36,CRE 46 Burgos 5 y 6,Pto. de Calidad CPG Burgos Criog. 5 y 6 T.R,9/9/2017 05:00,93.6934,1.2147,0.1971,1.4118,4.881,203.7211,0,38.6418,50.2529,5.5067
S-REBGN260-TR36,CRE 46 Burgos 5 y 6,Pto. de Calidad CPG Burgos Criog. 5 y 6 T.R,10/9/2017 05:00,93.7371,1.209,0.1966,1.4056,4.856,,0,38.63,50.2503,5.4915
S-REBGN260-TR36,CRE 46 Burgos 5 y 6,Pto. de Calidad CPG Burgos Criog. 5 y 6 T.R,11/9/2017 05:00,93.6258,1.2543,0.1959,1.4502,4.9221,203.6315,0,38.6323,50.2209,2.6662
S-REBGN260-TR36,CRE 46 Burgos 5 y 6,Pto. de Calidad CPG Burgos Criog. 5 y 6 T.R,12/9/2017 05:00,93.7391,1.2161,0.1979,1.414,4.8363,203.4621,0,38.6264,50.2427,3.2899
S-REBGN260-TR36,CRE 46 Burgos 5 y 6,Pto. de Calidad CPG Burgos Criog. 5 y 6 T.R,13/9/2017 05:00,93.7106,1.2169,0.1957,1.4126,4.8691,,0,38.6347,50.248,4.9393
S-REBGN260-TR36,CRE 46 Burgos 5 y 6,Pto. de Calidad CPG Burgos Criog. 5 y 6 T.R,14/9/2017 05:00,93.6793,1.2557,0.1953,1.451,4.8679,203.6587,0,38.6165,50.2111,5.4821
S-REBGN261-TR35,CRE 45 CPG Burgos 4,Pto. de Calidad CPG Burgos Criog. 4 T.R,8/9/2017 05:00,93.3968,1.2518,0.1962,1.448,5.1328,204.8338,10.3412,38.7051,50.2643,3.8644
S-REBGN261-TR35,CRE 45 CPG Burgos 4,Pto. de Calidad CPG Burgos Criog. 4 T.R,9/9/2017 05:00,93.433,1.2486,0.1945,1.4431,5.0937,204.4023,10.6756,38.7001,50.2643,4.3665
S-REBGN261-TR35,CRE 45 CPG Burgos 4,Pto. de Calidad CPG Burgos Criog. 4 T.R,10/9/2017 05:00,93.3798,1.2949,0.1945,1.4893,5.0957,204.4751,11.1066,38.686,50.2246,4.7818
S-REBGN261-TR35,CRE 45 CPG Burgos 4,Pto. de Calidad CPG Burgos Criog. 4 T.R,11/9/2017 05:00,93.3735,1.2612,0.1949,1.456,5.1293,204.8137,10.7585,38.7123,50.2626,4.6435
S-REBGN261-TR35,CRE 45 CPG Burgos 4,Pto. de Calidad CPG Burgos Criog. 4 T.R,12/9/2017 05:00,93.3992,1.2502,0.2092,1.4595,5.1241,205.5375,10.7214,38.6958,50.2542,4.5213
S-REBGN261-TR35,CRE 45 CPG Burgos 4,Pto. de Calidad CPG Burgos Criog. 4 T.R,13/9/2017 05:00,93.4394,1.2414,0.1947,1.4361,5.1125,204.3727,11.2411,38.6978,50.2679,4.4552
S-REBGN261-TR35,CRE 45 CPG Burgos 4,Pto. de Calidad CPG Burgos Criog. 4 T.R,14/9/2017 05:00,93.4241,1.249,0.1943,1.4433,5.119,205.093,10.7688,38.698,50.263,4.5125
S-REBGN270-TR08,CRE 63 Pandura,Pto. de Calidad CG N LaredoT.R.,8/9/2017 09:00,92.5725,1.0309,0.0995,1.1305,4.4722,274.1837,,40.4246,51.4188,
S-REBGN270-TR08,CRE 63 Pandura,Pto. de Calidad CG N LaredoT.R.,9/9/2017 09:00,92.5816,1.0355,0.0988,1.1343,4.4778,274.4891,,40.4168,51.4117,
S-REBGN270-TR08,CRE 63 Pandura,Pto. de Calidad CG N LaredoT.R.,10/9/2017 09:00,92.581,1.0331,0.0993,1.1324,4.4812,273.6945,,40.4187,51.4141,
S-REBGN270-TR08,CRE 63 Pandura,Pto. de Calidad CG N LaredoT.R.,11/9/2017 09:00,92.6039,1.0368,0.0997,1.1365,4.4417,273.5405,,40.4123,51.4078,
S-REBGN270-TR08,CRE 63 Pandura,Pto. de Calidad CG N LaredoT.R.,12/9/2017 09:00,92.6131,1.0357,0.1004,1.1361,4.4321,274.2111,,40.4005,51.4017,
S-REBGN270-TR08,CRE 63 Pandura,Pto. de Calidad CG N LaredoT.R.,13/9/2017 09:00,92.5573,1.026,0.0993,1.1253,4.5063,274.4008,,40.4524,51.4376,
S-REBGN270-TR08,CRE 63 Pandura,Pto. de Calidad CG N LaredoT.R.,14/9/2017 09:00,92.3468,1.008,0.0987,1.1067,4.6592,273.7833,,40.5132,51.4841,
S-REBGN290-TR36,CRE 57 Nejo,Pto. de Calidad Nejo T.R.,8/9/2017 05:00,92.159,0.8303,0.5153,1.3456,5.6843,,,39.3756,50.7877,
S-REBGN290-TR36,CRE 57 Nejo,Pto. de Calidad Nejo T.R.,9/9/2017 05:00,92.1674,0.7962,0.5076,1.3038,5.7174,,,39.4011,50.8289,
S-REBGN290-TR36,CRE 57 Nejo,Pto. de Calidad Nejo T.R.,10/9/2017 05:00,92.1208,0.8108,0.5071,1.3179,5.748,,,39.4056,50.8216,
S-REBGN290-TR36,CRE 57 Nejo,Pto. de Calidad Nejo T.R.,11/9/2017 05:00,92.1489,0.8279,0.5155,1.3434,5.6997,,,39.3792,50.7914,
S-REBGN290-TR36,CRE 57 Nejo,Pto. de Calidad Nejo T.R.,12/9/2017 05:00,92.1591,0.7995,0.5189,1.3184,5.6933,,,39.3997,50.8207,
S-REBGN290-TR36,CRE 57 Nejo,Pto. de Calidad Nejo T.R.,13/9/2017 05:00,92.0585,0.815,0.5218,1.3369,5.6527,,,39.4618,50.8435,
S-REBGN290-TR36,CRE 57 Nejo,Pto. de Calidad Nejo T.R.,14/9/2017 05:00,92.1767,0.8052,0.5336,1.3388,5.6417,,,39.3875,50.8031,
S-REEGN011-TR38,CRE Mareografo,Pto. de Calidad Mareografo T.R.,8/9/2017 05:00,97.6002,1.9642,0.1298,2.094,0.3051,162.1423,0,37.0709,48.8513,0
S-REEGN011-TR38,CRE Mareografo,Pto. de Calidad Mareografo T.R.,9/9/2017 05:00,97.6066,1.9722,0.132,2.1042,0.2886,162.1423,0,37.0621,48.8395,0
S-REEGN011-TR38,CRE Mareografo,Pto. de Calidad Mareografo T.R.,10/9/2017 05:00,97.6132,1.9616,0.1317,2.0932,0.293,162.1423,0,37.0674,48.85,0
S-REEGN011-TR38,CRE Mareografo,Pto. de Calidad Mareografo T.R.,11/9/2017 05:00,97.6093,1.965,0.1327,2.0977,0.2925,162.1423,0,37.0665,48.8473,0
S-REEGN011-TR38,CRE Mareografo,Pto. de Calidad Mareografo T.R.,12/9/2017 05:00,97.6056,1.9747,0.1309,2.1056,0.2882,162.1423,0,37.0616,48.838,0
S-REEGN011-TR38,CRE Mareografo,Pto. de Calidad Mareografo T.R.,13/9/2017 05:00,97.6112,1.977,0.1246,2.1016,0.2867,162.1423,0,37.0627,48.8399,0
S-REEGN011-TR38,CRE Mareografo,Pto. de Calidad Mareografo T.R.,14/9/2017 05:00,97.6146,1.9829,0.1194,2.1023,0.2826,162.1423,0,37.0612,48.8373,0
S-SABGN130-TR01,CRE 21 Valtierrilla,Pto. de Calidad Valtierrilla T.R.,8/9/2017 09:00,92.567,0.7437,0.2302,0.9739,6.1007,257.9735,17.364,39.3817,50.9818,1.365
S-SABGN130-TR01,CRE 21 Valtierrilla,Pto. de Calidad Valtierrilla T.R.,9/9/2017 09:00,92.712,0.7599,0.2785,1.0384,5.9095,,,39.2924,50.8962,
S-SABGN130-TR01,CRE 21 Valtierrilla,Pto. de Calidad Valtierrilla T.R.,10/9/2017 09:00,93.3576,0.8492,0.2013,1.0505,5.2986,254.1573,31.6129,39.0868,50.7557,5.1732
S-SABGN130-TR01,CRE 21 Valtierrilla,Pto. de Calidad Valtierrilla T.R.,11/9/2017 09:00,93.4888,0.7508,0.2026,0.9533,5.2822,251.1905,16.7879,39.1046,50.8328,2.2038
S-SABGN130-TR01,CRE 21 Valtierrilla,Pto. de Calidad Valtierrilla T.R.,12/9/2017 09:00,93.0367,0.7107,0.2271,0.9378,5.7607,252.4733,21.2094,39.2401,50.9262,2.2297
S-SABGN130-TR01,CRE 21 Valtierrilla,Pto. de Calidad Valtierrilla T.R.,13/9/2017 09:00,93.0423,0.7505,0.1872,0.9377,5.7598,254.0626,23.4663,39.2394,50.9164,1.9816
S-SABGN130-TR01,CRE 21 Valtierrilla,Pto. de Calidad Valtierrilla T.R.,14/9/2017 09:00,92.7138,0.7286,0.1988,0.9274,6.1136,250.4809,22.0795,39.3309,50.9782,2.2003
S-TOBGN010-TR01,CRE 10 Torreon,Pto. de Calidad Est. Chávez T.R.,8/9/2017 09:00,93.0047,0.739,0.2733,1.0123,5.6317,254.3878,30.5927,39.2306,50.8799,0.3056
S-TOBGN010-TR01,CRE 10 Torreon,Pto. de Calidad Est. Chávez T.R.,9/9/2017 09:00,93.6323,0.8365,0.1939,1.0304,5.0382,254.1908,29.6362,39.0244,50.7318,1.4521
S-TOBGN010-TR01,CRE 10 Torreon,Pto. de Calidad Est. Chávez T.R.,10/9/2017 09:00,93.773,0.7392,0.1962,0.9354,5.0034,252.4368,28.207,39.0402,50.8065,1.3391
S-TOBGN010-TR01,CRE 10 Torreon,Pto. de Calidad Est. Chávez T.R.,11/9/2017 09:00,93.3988,0.6947,0.2204,0.9151,5.4226,252.3441,27.6578,39.1514,50.8902,0.8505
S-TOBGN010-TR01,CRE 10 Torreon,Pto. de Calidad Est. Chávez T.R.,12/9/2017 09:00,93.3112,0.744,0.1907,0.9348,5.4786,255.2411,26.699,39.1721,50.881,1.1386
S-TOBGN010-TR01,CRE 10 Torreon,Pto. de Calidad Est. Chávez T.R.,13/9/2017 09:00,93.005,0.7348,0.1927,0.9275,5.8118,252.9211,29.065,39.254,50.9331,1.7129
S-TOBGN010-TR01,CRE 10 Torreon,Pto. de Calidad Est. Chávez T.R.,14/9/2017 09:00,94.4707,0.6495,0.2715,0.921,4.3803,252.3065,29.0387,38.8316,50.7171,0.841
S-TXBGN050-TR06,CRE 24 Puebla,Pto. de Calidad Natgasmex (Xicotencatl),8/9/2017 09:00,95.5583,0.1125,2.2259,2.3384,1.6443,266.168,47.2876,37.7205,49.5576,4.734
S-TXBGN050-TR06,CRE 24 Puebla,Pto. de Calidad Natgasmex (Xicotencatl),9/9/2017 09:00,94.2704,0.0963,3.367,3.4634,1.8835,263.9279,46.1739,37.3012,48.8112,6.0907
S-TXBGN050-TR06,CRE 24 Puebla,Pto. de Calidad Natgasmex (Xicotencatl),10/9/2017 09:00,94.9019,0.15,2.6377,2.7877,1.9073,262.9097,48.1243,37.5738,49.2608,7.1604
S-TXBGN050-TR06,CRE 24 Puebla,Pto. de Calidad Natgasmex (Xicotencatl),11/9/2017 09:00,95.8506,0.1449,1.9153,2.0601,1.6727,264.7945,45.2173,37.7991,49.7224,4.5735
S-TXBGN050-TR06,CRE 24 Puebla,Pto. de Calidad Natgasmex (Xicotencatl),12/9/2017 09:00,96.6248,0.1752,1.2497,1.4249,1.5091,266.5269,40.8155,38.0139,50.1303,4.769
S-TXBGN050-TR06,CRE 24 Puebla,Pto. de Calidad Natgasmex (Xicotencatl),13/9/2017 09:00,95.1266,0.116,2.6948,2.8108,1.6698,265.0894,38.6605,37.4986,49.2141,6.1869
S-TXBGN050-TR06,CRE 24 Puebla,Pto. de Calidad Natgasmex (Xicotencatl),14/9/2017 09:00,95.1568,0.1056,2.6307,2.7363,1.717,264.6476,40.067,37.5372,49.2728,4.9436
S-VCBGN070-TR01,"CRE 19 Venta Carpio 14""","Pto. de Calidad Ducto 22"" T.R.",8/9/2017 09:00,92.9094,0.7733,0.2486,1.0219,5.4685,247.2445,22.2864,39.3382,50.9272,0.0126
S-VCBGN070-TR01,"CRE 19 Venta Carpio 14""","Pto. de Calidad Ducto 22"" T.R.",9/9/2017 09:00,92.6726,0.7282,0.2353,0.9635,5.7225,,,39.4564,51.0309,
S-VCBGN070-TR01,"CRE 19 Venta Carpio 14""","Pto. de Calidad Ducto 22"" T.R.",10/9/2017 09:00,92.8655,0.7551,0.242,0.9971,5.7001,243.937,21.6322,39.31,50.9275,0.0145
S-VCBGN070-TR01,"CRE 19 Venta Carpio 14""","Pto. de Calidad Ducto 22"" T.R.",11/9/2017 09:00,93.3767,0.7915,0.2068,0.9983,5.2296,247.1005,22.2646,39.1525,50.8293,0.0133
S-VCBGN070-TR01,"CRE 19 Venta Carpio 14""","Pto. de Calidad Ducto 22"" T.R.",12/9/2017 09:00,93.3264,0.7275,0.2232,0.9507,5.3039,247.1848,24.9438,39.2026,50.8944,0.0136
S-VCBGN070-TR01,"CRE 19 Venta Carpio 14""","Pto. de Calidad Ducto 22"" T.R.",13/9/2017 09:00,92.9709,0.7184,0.2242,0.9426,5.5916,247.4639,26.1231,39.3362,50.9754,0.0127
S-VCBGN070-TR01,"CRE 19 Venta Carpio 14""","Pto. de Calidad Ducto 22"" T.R.",14/9/2017 09:00,92.9418,0.7399,0.2004,0.9403,5.7218,246.4147,26.2718,39.3102,50.9572,0.0109
S-VCBGN070-TR02,"CRE 16 Venta de Carpio 36""","Pto. de Calidad Ducto 36"" T.R.",8/9/2017 09:00,92.9901,0.7811,0.2589,1.04,5.3733,249.6265,24.8695,39.304,50.8978,0
S-VCBGN070-TR02,"CRE 16 Venta de Carpio 36""","Pto. de Calidad Ducto 36"" T.R.",9/9/2017 09:00,92.9366,0.773,0.2574,1.0304,5.4121,249.5335,24.2524,39.3339,50.9208,0
S-VCBGN070-TR02,"CRE 16 Venta de Carpio 36""","Pto. de Calidad Ducto 36"" T.R.",10/9/2017 09:00,92.9987,0.7669,0.2485,1.0154,5.576,245.8526,23.9518,39.2517,50.8836,0
S-VCBGN070-TR02,"CRE 16 Venta de Carpio 36""","Pto. de Calidad Ducto 36"" T.R.",11/9/2017 09:00,93.4825,0.8021,0.2091,1.0113,5.1191,250.42,27.7615,39.1131,50.7985,0
S-VCBGN070-TR02,"CRE 16 Venta de Carpio 36""","Pto. de Calidad Ducto 36"" T.R.",12/9/2017 09:00,93.4348,0.7359,0.2278,0.9637,5.1911,250.1607,31.3544,39.1619,50.8635,0
S-VCBGN070-TR02,"CRE 16 Venta de Carpio 36""","Pto. de Calidad Ducto 36"" T.R.",13/9/2017 09:00,93.0849,0.7267,0.2278,0.9545,5.4757,249.5571,31.306,39.294,50.9442,0
S-VCBGN070-TR02,"CRE 16 Venta de Carpio 36""","Pto. de Calidad Ducto 36"" T.R.",14/9/2017 09:00,92.998,0.7456,0.2016,0.9471,5.6779,247.2106,30.4654,39.2837,50.9378,0
S-VCBGN070-TR03,"CRE 17 Venta Carpio 30""","Pto. de Calidad Ducto 30"" T.R.",8/9/2017 09:00,93.0414,0.7547,0.2561,1.0108,5.2925,250.8158,27.7352,39.3353,50.9346,0.0299
S-VCBGN070-TR03,"CRE 17 Venta Carpio 30""","Pto. de Calidad Ducto 30"" T.R.",9/9/2017 09:00,92.9693,0.7418,0.2483,0.9901,5.3605,,,39.3764,50.9701,
S-VCBGN070-TR03,"CRE 17 Venta Carpio 30""","Pto. de Calidad Ducto 30"" T.R.",10/9/2017 09:00,92.9397,0.7436,0.2493,0.9929,5.4563,249.6087,28.4451,39.3628,50.961,0.0254
S-VCBGN070-TR03,"CRE 17 Venta Carpio 30""","Pto. de Calidad Ducto 30"" T.R.",11/9/2017 09:00,93.2296,0.8037,0.2122,1.0159,5.3489,250.9083,24.7639,39.1935,50.8415,0.0241
S-VCBGN070-TR03,"CRE 17 Venta Carpio 30""","Pto. de Calidad Ducto 30"" T.R.",12/9/2017 09:00,93.2119,0.7734,0.2155,0.989,5.3516,252.0878,26.5367,39.2314,50.8822,0.0246
S-VCBGN070-TR03,"CRE 17 Venta Carpio 30""","Pto. de Calidad Ducto 30"" T.R.",13/9/2017 09:00,93.1392,0.7631,0.2216,0.9847,5.4479,250.6933,30.6407,39.2455,50.8946,0.0244
S-VCBGN070-TR03,"CRE 17 Venta Carpio 30""","Pto. de Calidad Ducto 30"" T.R.",14/9/2017 09:00,93.0249,0.753,0.2085,0.9615,5.5647,250.8342,33.2526,39.2998,50.9382,0.0236
S-VCBGN070-TR04,"CRE 18 Venta Carpio 24""","Pto. de Calidad Ducto 18"" T.R.",8/9/2017 09:00,90.0975,0.0288,0.6747,0.7035,7.7555,222.6638,151.1584,40.5665,51.9327,0.0041
S-VCBGN070-TR04,"CRE 18 Venta Carpio 24""","Pto. de Calidad Ducto 18"" T.R.",9/9/2017 09:00,90.1527,0.026,0.6653,0.6913,7.6806,,,40.5652,51.9368,
S-VCBGN070-TR04,"CRE 18 Venta Carpio 24""","Pto. de Calidad Ducto 18"" T.R.",10/9/2017 09:00,90.4794,0.0841,0.6235,0.7076,7.5003,221.2053,167.2784,40.4191,51.8353,0.0034
S-VCBGN070-TR04,"CRE 18 Venta Carpio 24""","Pto. de Calidad Ducto 18"" T.R.",11/9/2017 09:00,90.3226,0.0255,0.661,0.6865,7.6108,221.177,160.1056,40.4946,51.9003,0.0024
S-VCBGN070-TR04,"CRE 18 Venta Carpio 24""","Pto. de Calidad Ducto 18"" T.R.",12/9/2017 09:00,90.1529,0.0344,0.6713,0.7057,7.6979,221.7922,164.9632,40.5481,51.919,0.003
S-VCBGN070-TR04,"CRE 18 Venta Carpio 24""","Pto. de Calidad Ducto 18"" T.R.",13/9/2017 09:00,90.0312,0.0351,0.6858,0.7208,7.7366,222.5996,167.2175,40.5954,51.9379,0.0033
S-VCBGN070-TR04,"CRE 18 Venta Carpio 24""","Pto. de Calidad Ducto 18"" T.R.",14/9/2017 09:00,90.0113,0.0361,0.6766,0.7127,7.6904,223.1777,120.8126,40.6289,51.9596,0.0024
S-VEBGN020-TR10,CRE 31 Veracruz,Pto. de Calidad CFE Dos Bocas T.R.,8/9/2017 09:00,96.0247,0.564,0.1437,0.7077,2.8224,261.5183,14.4033,38.6207,50.7149,0.254
S-VEBGN020-TR10,CRE 31 Veracruz,Pto. de Calidad CFE Dos Bocas T.R.,9/9/2017 09:00,92.8596,0.7211,0.1889,0.91,5.4991,253.0707,23.2966,39.4813,51.0702,0.0138
S-VEBGN020-TR10,CRE 31 Veracruz,Pto. de Calidad CFE Dos Bocas T.R.,10/9/2017 09:00,92.6075,0.7584,0.1934,0.9518,5.8524,251.3982,14.1065,39.4716,51.0378,0.0133
S-VEBGN020-TR10,CRE 31 Veracruz,Pto. de Calidad CFE Dos Bocas T.R.,11/9/2017 09:00,93.4327,0.7131,0.1859,0.899,5.1736,252.2645,15.9744,39.2399,50.942,0.0137
S-VEBGN020-TR10,CRE 31 Veracruz,Pto. de Calidad CFE Dos Bocas T.R.,12/9/2017 09:00,97.0174,0.4417,0.1221,0.5638,2.1069,262.0638,12.0366,38.3852,50.6788,0.1723
S-VEBGN020-TR10,CRE 31 Veracruz,Pto. de Calidad CFE Dos Bocas T.R.,13/9/2017 09:00,97.2887,0.4209,0.1188,0.5397,1.8758,265.0156,10.7993,38.3208,50.6588,0.4396
S-VEBGN020-TR10,CRE 31 Veracruz,Pto. de Calidad CFE Dos Bocas T.R.,14/9/2017 09:00,97.229,0.417,0.1193,0.5363,1.9213,264.4837,10.3,38.3457,50.6753,0.3314
S-VEBGN051-TR07,CRE 28 Cempoala Sur,Pto de Calidad a Cempoala del Sur T.R.,8/9/2017 09:00,96.5761,0.5822,0.1864,0.7685,2.5561,251.5963,0,38.4171,50.5751,0.0411
S-VEBGN051-TR07,CRE 28 Cempoala Sur,Pto de Calidad a Cempoala del Sur T.R.,9/9/2017 09:00,96.5761,0.5822,0.1864,0.7685,2.5561,251.5963,0,38.4171,50.5751,0.0417
S-VEBGN051-TR07,CRE 28 Cempoala Sur,Pto de Calidad a Cempoala del Sur T.R.,10/9/2017 09:00,96.5761,0.5822,0.1864,0.7685,2.5561,251.5963,0,38.4171,50.5751,0.0417
S-VEBGN051-TR07,CRE 28 Cempoala Sur,Pto de Calidad a Cempoala del Sur T.R.,11/9/2017 09:00,96.5761,0.5822,0.1864,0.7685,2.5561,251.5963,0,38.4171,50.5751,0.0424
S-VEBGN051-TR07,CRE 28 Cempoala Sur,Pto de Calidad a Cempoala del Sur T.R.,12/9/2017 09:00,96.5761,0.5822,0.1864,0.7685,2.5561,251.5963,0,38.4171,50.5751,0.0434
S-VEBGN051-TR07,CRE 28 Cempoala Sur,Pto de Calidad a Cempoala del Sur T.R.,13/9/2017 09:00,96.5761,0.5822,0.1864,0.7685,2.5561,251.5963,0,38.4171,50.5751,0.0429
S-VEBGN051-TR07,CRE 28 Cempoala Sur,Pto de Calidad a Cempoala del Sur T.R.,14/9/2017 09:00,96.5761,0.5822,0.1864,0.7685,2.5561,251.5963,0,38.4171,50.5751,0.0418
S-VEBGN051-TR08,CRE 30 Cempoala Norte,Pto de Calidad a Cempoala del Norte T.R.,8/9/2017 09:00,96.5761,0.5822,0.1864,0.7685,2.5561,251.5963,0.0064,38.4171,50.5751,0.0399
S-VEBGN051-TR08,CRE 30 Cempoala Norte,Pto de Calidad a Cempoala del Norte T.R.,9/9/2017 09:00,96.5761,0.5822,0.1864,0.7685,2.5561,251.5963,0.0091,38.4171,50.5751,0.0432
S-VEBGN051-TR08,CRE 30 Cempoala Norte,Pto de Calidad a Cempoala del Norte T.R.,10/9/2017 09:00,96.5761,0.5822,0.1864,0.7685,2.5561,251.5963,0.0104,38.4171,50.5751,0.0428
S-VEBGN051-TR08,CRE 30 Cempoala Norte,Pto de Calidad a Cempoala del Norte T.R.,11/9/2017 09:00,96.5761,0.5822,0.1864,0.7685,2.5561,251.5963,0.0128,38.4171,50.5751,0.0429
S-VEBGN051-TR08,CRE 30 Cempoala Norte,Pto de Calidad a Cempoala del Norte T.R.,12/9/2017 09:00,96.5761,0.5822,0.1864,0.7685,2.5561,251.5963,0.0098,38.4171,50.5751,0.0447
S-VEBGN051-TR08,CRE 30 Cempoala Norte,Pto de Calidad a Cempoala del Norte T.R.,13/9/2017 09:00,96.5761,0.5822,0.1864,0.7685,2.5561,251.5963,0.0101,38.4171,50.5751,0.0443
S-VEBGN051-TR08,CRE 30 Cempoala Norte,Pto de Calidad a Cempoala del Norte T.R.,14/9/2017 09:00,96.5761,0.5822,0.1864,0.7685,2.5561,251.5963,0.0089,38.4171,50.5751,0.0429
S-VEBGN051-TR09,CRE 29 Cempoala Centro,Pto de Calidad de Cempoala al Centro T.R.,8/9/2017 09:00,91.8565,0.6856,0.3022,0.9878,6.4416,241.6753,38.293,39.7095,51.1722,0.0945
S-VEBGN051-TR09,CRE 29 Cempoala Centro,Pto de Calidad de Cempoala al Centro T.R.,9/9/2017 09:00,91.23,0.6726,0.2642,0.9368,7.2116,239.8908,28.3879,39.8848,51.2973,0.1177
S-VEBGN051-TR09,CRE 29 Cempoala Centro,Pto de Calidad de Cempoala al Centro T.R.,10/9/2017 09:00,91.4754,0.6924,0.2176,0.91,7.0549,240.2533,34.2375,39.8115,51.2639,0.1294
S-VEBGN051-TR09,CRE 29 Cempoala Centro,Pto de Calidad de Cempoala al Centro T.R.,11/9/2017 09:00,91.395,0.6848,0.23,0.9148,7.0039,239.5229,32.6911,39.8775,51.2999,0.1147
S-VEBGN051-TR09,CRE 29 Cempoala Centro,Pto de Calidad de Cempoala al Centro T.R.,12/9/2017 09:00,91.7844,0.6433,0.2972,0.9405,6.5004,241.2291,35.1653,39.7838,51.2449,0.1358
S-VEBGN051-TR09,CRE 29 Cempoala Centro,Pto de Calidad de Cempoala al Centro T.R.,13/9/2017 09:00,92.5364,0.5913,0.3562,0.9475,5.6324,239.691,32.3926,39.6012,51.1507,0.0988
S-VEBGN051-TR09,CRE 29 Cempoala Centro,Pto de Calidad de Cempoala al Centro T.R.,14/9/2017 09:00,93.0769,0.5478,0.4583,1.0061,4.9659,241.3046,42.0248,39.4327,51.0391,0.1026
S-VEBGN070-TR02,CRE 42 Matapionche,Pto. de Calidad Matapionche T.R.,8/9/2017 09:00,92.174,0.1147,0.9138,1.0285,6.3749,210.0472,0.1848,39.4605,51.1504,0.3283
S-VEBGN070-TR02,CRE 42 Matapionche,Pto. de Calidad Matapionche T.R.,9/9/2017 09:00,92.09,0.1054,0.9113,1.0166,6.5447,209.5482,0.1611,39.4682,51.1627,0.7296
S-VEBGN070-TR02,CRE 42 Matapionche,Pto. de Calidad Matapionche T.R.,11/9/2017 09:00,92.1859,0.1139,0.91,1.024,6.4448,209.3251,0.1724,39.4355,51.139,0.5853
S-VEBGN070-TR02,CRE 42 Matapionche,Pto. de Calidad Matapionche T.R.,12/9/2017 09:00,92.185,0.1115,0.9103,1.0219,6.4512,209.3001,0.1955,39.4361,51.1408,0.9666
S-VEBGN070-TR02,CRE 42 Matapionche,Pto. de Calidad Matapionche T.R.,13/9/2017 09:00,92.9581,0.1099,0.9199,1.0297,5.6953,207.1933,0.2063,39.2026,51.0062,1.097
S-VEBGN070-TR02,CRE 42 Matapionche,Pto. de Calidad Matapionche T.R.,14/9/2017 09:00,92.2532,0.1134,0.9126,1.026,6.3772,209.1239,0.1966,39.4142,51.1261,2.2428
S-VEEGN001-TR05,CRE 50 Playuela,Pto. de Calidad Playuela T.R.,8/9/2017 05:00,99.2865,0.2613,0.1116,0.3729,0.1347,275.8986,23.1234,37.823,50.4941,3.1296
S-VEEGN001-TR05,CRE 50 Playuela,Pto. de Calidad Playuela T.R.,9/9/2017 05:00,99.2905,0.2618,0.1108,0.3727,0.1317,275.8879,21.5473,37.8217,50.4933,2.9802
S-VEEGN001-TR05,CRE 50 Playuela,Pto. de Calidad Playuela T.R.,10/9/2017 05:00,99.284,0.2611,0.1118,0.3729,0.1348,276.9413,21.9249,37.8252,50.4953,2.9306
S-VEEGN001-TR05,CRE 50 Playuela,Pto. de Calidad Playuela T.R.,11/9/2017 05:00,99.2817,0.2616,0.1123,0.3738,0.1357,277.0906,22.2745,37.8254,50.4949,2.6668
S-VEEGN001-TR05,CRE 50 Playuela,Pto. de Calidad Playuela T.R.,12/9/2017 05:00,99.2831,0.2607,0.1126,0.3734,0.1355,277.2557,23.0258,37.8251,50.4952,2.8776
S-VEEGN001-TR05,CRE 50 Playuela,Pto. de Calidad Playuela T.R.,13/9/2017 05:00,99.2819,0.2606,0.1125,0.3731,0.1364,276.9745,23.4974,37.8259,50.4958,2.9765
S-VEEGN001-TR05,CRE 50 Playuela,Pto. de Calidad Playuela T.R.,14/9/2017 05:00,99.2917,0.2613,0.1109,0.3722,0.1311,276.3617,24.5103,37.8216,50.4936,2.8927
S-VCBGN070-TR04,CRE 15 Zacate Colorado,"Pto. de Calidad Ducto 18"" T.R.",8/9/2017 09:00,90.0975,0.0288,0.6747,0.7035,7.7555,222.6638,151.1584,40.5665,51.9327,0.0041
S-VCBGN070-TR04,CRE 15 Zacate Colorado,"Pto. de Calidad Ducto 18"" T.R.",9/9/2017 09:00,90.1527,0.026,0.6653,0.6913,7.6806,,,40.5652,51.9368,
S-VCBGN070-TR04,CRE 15 Zacate Colorado,"Pto. de Calidad Ducto 18"" T.R.",10/9/2017 09:00,90.4794,0.0841,0.6235,0.7076,7.5003,221.2053,167.2784,40.4191,51.8353,0.0034
S-VCBGN070-TR04,CRE 15 Zacate Colorado,"Pto. de Calidad Ducto 18"" T.R.",11/9/2017 09:00,90.3226,0.0255,0.661,0.6865,7.6108,221.177,160.1056,40.4946,51.9003,0.0024
S-VCBGN070-TR04,CRE 15 Zacate Colorado,"Pto. de Calidad Ducto 18"" T.R.",12/9/2017 09:00,90.1529,0.0344,0.6713,0.7057,7.6979,221.7922,164.9632,40.5481,51.919,0.003
S-VCBGN070-TR04,CRE 15 Zacate Colorado,"Pto. de Calidad Ducto 18"" T.R.",13/9/2017 09:00,90.0312,0.0351,0.6858,0.7208,7.7366,222.5996,167.2175,40.5954,51.9379,0.0033
S-VCBGN070-TR04,CRE 15 Zacate Colorado,"Pto. de Calidad Ducto 18"" T.R.",14/9/2017 09:00,90.0113,0.0361,0.6766,0.7127,7.6904,223.1777,120.8126,40.6289,51.9596,0.0024
S-MIBGN091-TR02,CRE 27 JD Covarrubias,Pto. de Calidad Pecosa Alta Presión T.R.,8/9/2017 09:00,86.516,0.0841,9.3849,9.469,3.7231,235.1776,0,35.4433,45.1676,0
S-MIBGN091-TR02,CRE 27 JD Covarrubias,Pto. de Calidad Pecosa Alta Presión T.R.,9/9/2017 09:00,89.3494,0.1713,6.7899,6.9612,3.3908,247.6345,0,36.3018,46.6963,0
S-MIBGN091-TR02,CRE 27 JD Covarrubias,Pto. de Calidad Pecosa Alta Presión T.R.,10/9/2017 09:00,92.5625,0.2678,4.0525,4.3204,2.7389,256.2792,0,37.1769,48.3233,0
S-MIBGN091-TR02,CRE 27 JD Covarrubias,Pto. de Calidad Pecosa Alta Presión T.R.,11/9/2017 09:00,86.2335,0.0546,10.1003,10.1549,3.4072,222.3512,0,35.0294,44.6395,0
S-MIBGN091-TR02,CRE 27 JD Covarrubias,Pto. de Calidad Pecosa Alta Presión T.R.,12/9/2017 09:00,85.7732,0.0121,10.323,10.3351,3.6906,213.5764,0,35.0367,44.5837,0
S-MIBGN091-TR02,CRE 27 JD Covarrubias,Pto. de Calidad Pecosa Alta Presión T.R.,13/9/2017 09:00,85.5717,0.0014,10.3283,10.3296,3.8502,228.0916,0,35.1184,44.6413,0
S-MIBGN091-TR02,CRE 27 JD Covarrubias,Pto. de Calidad Pecosa Alta Presión T.R.,14/9/2017 09:00,83.5522,0.0066,12.1762,12.1827,3.9554,236.5017,0,34.4922,43.531,0
S-MTBGN612-TR30,CRE 53 Monclova,Pto. de Calidad PEP Santa Elena T.R.,8/9/2017 05:00,99.0867,0.1734,0.4005,0.5739,0.3294,,,37.657,50.3286,
S-MTBGN612-TR30,CRE 53 Monclova,Pto. de Calidad PEP Santa Elena T.R.,9/9/2017 05:00,99.0867,0.1734,0.4005,0.5739,0.3294,,,37.657,50.3286,
S-MTBGN612-TR30,CRE 53 Monclova,Pto. de Calidad PEP Santa Elena T.R.,10/9/2017 05:00,99.0867,0.1734,0.4005,0.5739,0.3294,,,37.657,50.3286,
S-MTBGN612-TR30,CRE 53 Monclova,Pto. de Calidad PEP Santa Elena T.R.,11/9/2017 05:00,99.0867,0.1734,0.4005,0.5739,0.3294,,,37.657,50.3286,
S-MTBGN612-TR30,CRE 53 Monclova,Pto. de Calidad PEP Santa Elena T.R.,12/9/2017 05:00,99.0867,0.1734,0.4005,0.5739,0.3294,,,37.657,50.3286,
S-MTBGN612-TR30,CRE 53 Monclova,Pto. de Calidad PEP Santa Elena T.R.,13/9/2017 05:00,99.0867,0.1734,0.4005,0.5739,0.3294,,,37.657,50.3286,
S-MTBGN612-TR30,CRE 53 Monclova,Pto. de Calidad PEP Santa Elena T.R.,14/9/2017 05:00,99.0867,0.1734,0.4005,0.5739,0.3294,,,37.657,50.3286,
