Punto,Nombre Alterno,Descripcion,Fecha,Metano,Bioxido de Carbono,Nitrogeno,Total Inertes,Etano,Temp. Rocio,Humedad,Poder Calorifico,Indice Woobe,Acido Sulfidrico,
N-PRBGN-NS-TM08,CRE 52 Raudal,Pto. de Calidad El Raudal T.M.,01/07/17 09:00:00,98.5700,0.1500,0.1400,0.2900,0.6300,,,38.2051,50.7242,,
N-PRBGN-NS-TM08,CRE 52 Raudal,Pto. de Calidad El Raudal T.M.,02/07/17 09:00:00,98.5700,0.1500,0.1400,0.2900,0.6300,,,38.2051,50.7242,,
N-PRBGN-NS-TM08,CRE 52 Raudal,Pto. de Calidad El Raudal T.M.,03/07/17 09:00:00,98.5700,0.1500,0.1400,0.2900,0.6300,,,38.2051,50.7242,,
N-PRBGN-NS-TM08,CRE 52 Raudal,Pto. de Calidad El Raudal T.M.,04/07/17 09:00:00,98.5700,0.1500,0.1400,0.2900,0.6300,,,38.2051,50.7242,,
N-PRBGN-NS-TM08,CRE 52 Raudal,Pto. de Calidad El Raudal T.M.,05/07/17 09:00:00,98.5700,0.1500,0.1400,0.2900,0.6300,,,38.2051,50.7239,,
N-PRBGN-NS-TM08,CRE 52 Raudal,Pto. de Calidad El Raudal T.M.,06/07/17 09:00:00,98.5700,0.1500,0.1400,0.2900,0.6300,,,38.2051,50.7239,,
N-PRBGN-NS-TM08,CRE 52 Raudal,Pto. de Calidad El Raudal T.M.,07/07/17 09:00:00,98.5700,0.1500,0.1400,0.2900,0.6300,,,38.2051,50.7239,,
N-REBGN-NS-TR20,CRE 55 Culebra Sur,Pto. de Calidad Culebra Sur T.R.,01/07/17 09:00:00,92.2800,1.2600,0.1600,1.4200,3.6500,,,40.5754,51.4066,,
N-REBGN-NS-TR20,CRE 55 Culebra Sur,Pto. de Calidad Culebra Sur T.R.,02/07/17 09:00:00,92.2800,1.2600,0.1600,1.4200,3.6500,,,40.5754,51.4066,,
N-REBGN-NS-TR20,CRE 55 Culebra Sur,Pto. de Calidad Culebra Sur T.R.,03/07/17 09:00:00,92.2800,1.2600,0.1600,1.4200,3.6500,,,40.5754,51.4066,,
N-REBGN-NS-TR20,CRE 55 Culebra Sur,Pto. de Calidad Culebra Sur T.R.,04/07/17 09:00:00,92.2800,1.2600,0.1600,1.4200,3.6500,,,40.5754,51.4066,,
N-REBGN-NS-TR20,CRE 55 Culebra Sur,Pto. de Calidad Culebra Sur T.R.,05/07/17 09:00:00,92.2800,1.2600,0.1600,1.4200,3.6500,,,40.5754,51.4066,,
N-REBGN-NS-TR20,CRE 55 Culebra Sur,Pto. de Calidad Culebra Sur T.R.,06/07/17 09:00:00,92.2800,1.2600,0.1600,1.4200,3.6500,,,40.5754,51.4066,,
N-REBGN-NS-TR20,CRE 55 Culebra Sur,Pto. de Calidad Culebra Sur T.R.,07/07/17 09:00:00,92.2800,1.2600,0.1600,1.4200,3.6500,,,40.5754,51.4066,,
N-REBGN-NS-TR21,CRE 54 Culebra Norte,Pto. de Calidad  Culebra Norte T.R.,01/07/17 09:00:00,92.0239,1.3759,0.1695,1.5454,3.5194,,,40.1208,50.9534,,
N-REBGN-NS-TR21,CRE 54 Culebra Norte,Pto. de Calidad  Culebra Norte T.R.,02/07/17 09:00:00,92.0239,1.3759,0.1695,1.5454,3.5194,,,40.1208,50.9534,,
N-REBGN-NS-TR21,CRE 54 Culebra Norte,Pto. de Calidad  Culebra Norte T.R.,03/07/17 09:00:00,92.0239,1.3759,0.1695,1.5454,3.5194,,,40.1208,50.9534,,
N-REBGN-NS-TR21,CRE 54 Culebra Norte,Pto. de Calidad  Culebra Norte T.R.,04/07/17 09:00:00,92.0239,1.3759,0.1695,1.5454,3.5194,,,40.1208,50.9534,,
N-REBGN-NS-TR21,CRE 54 Culebra Norte,Pto. de Calidad  Culebra Norte T.R.,05/07/17 09:00:00,92.0239,1.3759,0.1695,1.5454,3.5194,,,40.1208,50.9534,,
N-REBGN-NS-TR21,CRE 54 Culebra Norte,Pto. de Calidad  Culebra Norte T.R.,06/07/17 09:00:00,92.0239,1.3759,0.1695,1.5454,3.5194,,,40.1208,50.9534,,
N-REBGN-NS-TR21,CRE 54 Culebra Norte,Pto. de Calidad  Culebra Norte T.R.,07/07/17 09:00:00,92.0239,1.3759,0.1695,1.5454,3.5194,,,40.1208,50.9534,,
S-CABGN060-TR08,"CRE 35 Troncal 48""",Pto. de Calidad Paredón T.R.,01/07/17 09:00:00,84.1913,0.0105,10.4071,10.4176,4.8297,233.5898,92.4228,35.6319,44.9367,1.9138,
S-CABGN060-TR08,"CRE 35 Troncal 48""",Pto. de Calidad Paredón T.R.,02/07/17 09:00:00,83.3124,0.0142,10.2789,10.2930,5.5110,234.5898,80.3904,36.0663,45.2635,1.5323,
S-CABGN060-TR08,"CRE 35 Troncal 48""",Pto. de Calidad Paredón T.R.,03/07/17 09:00:00,82.9591,0.0180,9.2710,9.2890,6.2035,243.4275,150.4775,37.0892,46.2948,2.5099,
S-CABGN060-TR08,"CRE 35 Troncal 48""",Pto. de Calidad Paredón T.R.,04/07/17 09:00:00,83.9061,0.0149,9.7578,9.7727,5.4263,236.4383,109.3157,36.2597,45.5852,1.5666,
S-CABGN060-TR08,"CRE 35 Troncal 48""",Pto. de Calidad Paredón T.R.,05/07/17 09:00:00,84.1305,0.0057,9.8039,9.8096,5.3902,233.0360,91.3238,36.0830,45.4604,1.3377,
S-CABGN060-TR08,"CRE 35 Troncal 48""",Pto. de Calidad Paredón T.R.,06/07/17 09:00:00,84.3207,0.0043,10.3431,10.3475,4.7729,230.9117,59.8960,35.6312,44.9642,1.2253,
S-CABGN060-TR08,"CRE 35 Troncal 48""",Pto. de Calidad Paredón T.R.,07/07/17 09:00:00,84.7593,0.0020,10.3957,10.3976,4.4162,228.2866,91.9520,35.4140,44.7736,1.2049,
S-CABGN072-TR02,CRE 38 CPG Cactus,Pto. de Calidad Cactus,01/07/17 05:00:00,89.2528,0.0084,6.7992,6.8076,3.6218,236.3736,117.6214,36.4426,46.8820,4.1539,
S-CABGN072-TR02,CRE 38 CPG Cactus,Pto. de Calidad Cactus,02/07/17 05:00:00,89.3550,0.0410,6.6904,6.7314,3.6226,215.6454,81.7516,36.4456,46.9085,3.1817,
S-CABGN072-TR02,CRE 38 CPG Cactus,Pto. de Calidad Cactus,03/07/17 05:00:00,86.9250,0.0234,6.5036,6.5270,5.0340,240.2836,164.5851,37.7901,47.8195,4.9177,
S-CABGN072-TR02,CRE 38 CPG Cactus,Pto. de Calidad Cactus,04/07/17 05:00:00,87.7187,0.0242,6.3790,6.4032,4.7838,243.0964,147.0585,37.4575,47.6684,5.5617,
S-CABGN072-TR02,CRE 38 CPG Cactus,Pto. de Calidad Cactus,05/07/17 05:00:00,89.3401,0.0015,6.1680,6.1696,3.9821,231.5346,143.1531,36.9253,47.4452,4.1622,
S-CABGN072-TR02,CRE 38 CPG Cactus,Pto. de Calidad Cactus,06/07/17 05:00:00,89.9903,0.0064,6.0025,6.0089,3.7210,221.1541,85.6512,36.7431,47.4000,4.3348,
S-CABGN072-TR02,CRE 38 CPG Cactus,Pto. de Calidad Cactus,07/07/17 05:00:00,90.1809,0.0013,6.0066,6.0079,3.5422,214.2476,95.8475,36.6839,47.3651,2.7137,
S-CABGN072-TR03,CRE 40 CPG Nuevo Pemex,Pto. de Calidad Nuevo Pemex T.R.,01/07/17 05:00:00,84.6287,0.0081,9.7585,9.7667,5.1657,213.1319,36.1295,35.8102,45.3050,1.8093,
S-CABGN072-TR03,CRE 40 CPG Nuevo Pemex,Pto. de Calidad Nuevo Pemex T.R.,02/07/17 05:00:00,83.6489,0.0110,9.7245,9.7355,5.8587,216.0474,30.7903,36.2083,45.5716,1.8004,
S-CABGN072-TR03,CRE 40 CPG Nuevo Pemex,Pto. de Calidad Nuevo Pemex T.R.,03/07/17 05:00:00,83.0400,0.0037,9.3431,9.3468,6.6011,223.7464,35.9030,36.7191,46.0473,1.8809,
S-CABGN072-TR03,CRE 40 CPG Nuevo Pemex,Pto. de Calidad Nuevo Pemex T.R.,04/07/17 05:00:00,83.7163,0.0128,9.8072,9.8199,5.8291,222.9928,37.6681,36.0998,45.4696,1.3661,
S-CABGN072-TR03,CRE 40 CPG Nuevo Pemex,Pto. de Calidad Nuevo Pemex T.R.,05/07/17 05:00:00,85.0880,0.0053,8.8256,8.8309,5.5717,210.4988,22.5826,36.3182,45.9934,1.4392,
S-CABGN072-TR03,CRE 40 CPG Nuevo Pemex,Pto. de Calidad Nuevo Pemex T.R.,06/07/17 05:00:00,85.0696,0.0044,9.2456,9.2500,5.2038,209.8698,18.3864,36.0362,45.6505,1.5719,
S-CABGN072-TR03,CRE 40 CPG Nuevo Pemex,Pto. de Calidad Nuevo Pemex T.R.,07/07/17 05:00:00,85.7728,0.0015,9.4393,9.4408,4.5020,203.2771,20.4006,35.6505,45.3295,1.6326,
S-CABGN090-TR01,CRE 37 CPG Ciudad Pemex,Pto. de Calidad CD. Pemex T.R.,01/07/17 05:00:00,84.1913,0.0105,10.4071,10.4176,4.8297,233.5898,92.4228,35.6321,44.9369,1.9138,
S-CABGN090-TR01,CRE 37 CPG Ciudad Pemex,Pto. de Calidad CD. Pemex T.R.,02/07/17 05:00:00,89.3550,0.0410,6.6904,6.7314,3.6226,215.6454,81.7516,36.4458,46.9087,3.1817,
S-CABGN090-TR01,CRE 37 CPG Ciudad Pemex,Pto. de Calidad CD. Pemex T.R.,03/07/17 05:00:00,86.9250,0.0234,6.5036,6.5270,5.0340,240.2836,164.5851,37.7908,47.8205,4.9177,
S-CABGN090-TR01,CRE 37 CPG Ciudad Pemex,Pto. de Calidad CD. Pemex T.R.,04/07/17 05:00:00,87.7187,0.0242,6.3790,6.4032,4.7838,243.0964,147.0585,37.4581,47.6691,5.5617,
S-CABGN090-TR01,CRE 37 CPG Ciudad Pemex,Pto. de Calidad CD. Pemex T.R.,05/07/17 05:00:00,89.3401,0.0015,6.1680,6.1696,3.9821,231.5346,143.1531,36.9257,47.4456,4.1622,
S-CABGN090-TR01,CRE 37 CPG Ciudad Pemex,Pto. de Calidad CD. Pemex T.R.,06/07/17 05:00:00,89.9903,0.0064,6.0025,6.0089,3.7210,221.1541,85.6512,36.7433,47.4003,4.3348,
S-CABGN090-TR01,CRE 37 CPG Ciudad Pemex,Pto. de Calidad CD. Pemex T.R.,07/07/17 05:00:00,90.1809,0.0013,6.0066,6.0079,3.5422,214.2476,95.8475,36.6841,47.3653,2.7137,
S-CABGN110-TR04,CRE 39 KM-100,Pto. de Calidad Km. 100 T.R.,01/07/17 09:00:00,89.2528,0.0084,6.7992,6.8076,3.6218,236.3736,117.6214,36.4428,46.8823,4.1539,
S-CABGN110-TR04,CRE 39 KM-100,Pto. de Calidad Km. 100 T.R.,02/07/17 09:00:00,89.3550,0.0410,6.6904,6.7314,3.6226,215.6454,81.7516,36.4458,46.9087,3.1817,
S-CABGN110-TR04,CRE 39 KM-100,Pto. de Calidad Km. 100 T.R.,03/07/17 09:00:00,86.9250,0.0234,6.5036,6.5270,5.0340,240.2836,164.5851,37.7908,47.8205,4.9177,
S-CABGN110-TR04,CRE 39 KM-100,Pto. de Calidad Km. 100 T.R.,04/07/17 09:00:00,87.7187,0.0242,6.3790,6.4032,4.7838,243.0964,147.0585,37.4581,47.6691,5.5617,
S-CABGN110-TR04,CRE 39 KM-100,Pto. de Calidad Km. 100 T.R.,05/07/17 09:00:00,89.3401,0.0015,6.1680,6.1696,3.9821,231.5346,143.1531,36.9257,47.4456,4.1622,
S-CABGN110-TR04,CRE 39 KM-100,Pto. de Calidad Km. 100 T.R.,06/07/17 09:00:00,89.9903,0.0064,6.0025,6.0089,3.7210,221.1541,85.6512,36.7433,47.4003,4.3348,
S-CABGN110-TR04,CRE 39 KM-100,Pto. de Calidad Km. 100 T.R.,07/07/17 09:00:00,90.1809,0.0013,6.0066,6.0079,3.5422,214.2476,95.8475,36.6841,47.3653,2.7137,
S-CHBGN060-TR01,CRE 11 Chihuahua (Avalos),Pto. de Calidad Terminal Avalos T.R.,01/07/17 09:00:00,90.5975,0.8928,1.4465,2.3394,6.3817,225.5447,90.7663,39.1446,50.2027,0.0634,
S-CHBGN060-TR01,CRE 11 Chihuahua (Avalos),Pto. de Calidad Terminal Avalos T.R.,02/07/17 09:00:00,90.5428,0.8825,1.4173,2.2998,6.4859,226.1693,88.5071,39.1873,50.2471,0.0777,
S-CHBGN060-TR01,CRE 11 Chihuahua (Avalos),Pto. de Calidad Terminal Avalos T.R.,03/07/17 09:00:00,90.3719,0.7579,1.4577,2.2156,6.6488,227.2692,86.5982,39.3256,50.3916,0.0815,
S-CHBGN060-TR01,CRE 11 Chihuahua (Avalos),Pto. de Calidad Terminal Avalos T.R.,04/07/17 09:00:00,90.4110,0.7992,1.4710,2.2702,6.5777,227.9026,85.1774,39.2729,50.3280,0.0786,
S-CHBGN060-TR01,CRE 11 Chihuahua (Avalos),Pto. de Calidad Terminal Avalos T.R.,05/07/17 09:00:00,90.6339,0.8928,1.4159,2.3087,6.3869,226.2014,80.8166,39.1560,50.2227,0.0893,
S-CHBGN060-TR01,CRE 11 Chihuahua (Avalos),Pto. de Calidad Terminal Avalos T.R.,06/07/17 09:00:00,90.5077,0.8758,1.5175,2.3933,6.4046,225.5685,82.6864,39.1407,50.1807,0.1150,
S-CHBGN060-TR01,CRE 11 Chihuahua (Avalos),Pto. de Calidad Terminal Avalos T.R.,07/07/17 09:00:00,90.6815,0.9897,1.4259,2.4157,6.1885,226.7235,85.4726,39.0881,50.1143,0.0802,
S-CMBGN030-TR01,CRE 26 Ciudad Mendoza,Pto. de Calidad Cd. Mendoza T.R.,01/07/17 09:00:00,92.9977,0.0873,4.2382,4.3255,2.2906,262.4732,21.6432,37.0511,48.2827,2.0991,
S-CMBGN030-TR01,CRE 26 Ciudad Mendoza,Pto. de Calidad Cd. Mendoza T.R.,02/07/17 09:00:00,93.5896,0.0969,3.6846,3.7814,2.2342,263.0169,13.7413,37.2486,48.6365,0.7324,
S-CMBGN030-TR01,CRE 26 Ciudad Mendoza,Pto. de Calidad Cd. Mendoza T.R.,03/07/17 09:00:00,95.3363,0.1165,2.4706,2.5870,1.6780,265.2666,10.0605,37.5488,49.3411,3.3769,
S-CMBGN030-TR01,CRE 26 Ciudad Mendoza,Pto. de Calidad Cd. Mendoza T.R.,04/07/17 09:00:00,96.0506,0.1428,1.8694,2.0122,1.5303,266.3453,10.0659,37.7325,49.7029,3.3530,
S-CMBGN030-TR01,CRE 26 Ciudad Mendoza,Pto. de Calidad Cd. Mendoza T.R.,05/07/17 09:00:00,95.3239,0.1230,2.3932,2.5162,1.7277,267.4163,9.4608,37.6110,49.4078,3.0234,
S-CMBGN030-TR01,CRE 26 Ciudad Mendoza,Pto. de Calidad Cd. Mendoza T.R.,06/07/17 09:00:00,95.2910,0.1152,2.1241,2.2393,1.8840,267.9470,9.3331,37.8623,49.6808,2.9675,
S-CMBGN030-TR01,CRE 26 Ciudad Mendoza,Pto. de Calidad Cd. Mendoza T.R.,07/07/17 09:00:00,95.2138,0.1213,2.3179,2.4392,1.8394,265.5616,8.9270,37.7237,49.5086,2.8061,
S-CMBGN031-TR07,CRE 56 San Pablo Rincon Pacheco,Pto. de Calidad Campo Rincon Pacheco T.R.,01/07/17 05:00:00,99.2177,0.0971,0.1539,0.2510,0.2544,248.2618,33.7838,37.9458,50.6624,1.9187,
S-CMBGN031-TR07,CRE 56 San Pablo Rincon Pacheco,Pto. de Calidad Campo Rincon Pacheco T.R.,02/07/17 05:00:00,99.2177,0.0971,0.1539,0.2510,0.2544,248.2618,31.6063,37.9458,50.6624,1.4045,
S-CMBGN031-TR07,CRE 56 San Pablo Rincon Pacheco,Pto. de Calidad Campo Rincon Pacheco T.R.,03/07/17 05:00:00,99.2177,0.0971,0.1539,0.2510,0.2544,248.2618,29.9321,37.9458,50.6624,1.3461,
S-CMBGN031-TR07,CRE 56 San Pablo Rincon Pacheco,Pto. de Calidad Campo Rincon Pacheco T.R.,04/07/17 05:00:00,99.2177,0.0971,0.1539,0.2510,0.2544,248.2618,34.7019,37.9458,50.6624,1.8180,
S-CMBGN031-TR07,CRE 56 San Pablo Rincon Pacheco,Pto. de Calidad Campo Rincon Pacheco T.R.,05/07/17 05:00:00,99.2177,0.0971,0.1539,0.2510,0.2544,248.2618,34.8624,37.9458,50.6624,1.4854,
S-CMBGN031-TR07,CRE 56 San Pablo Rincon Pacheco,Pto. de Calidad Campo Rincon Pacheco T.R.,06/07/17 05:00:00,99.2177,0.0971,0.1539,0.2510,0.2544,248.2618,30.7623,37.9458,50.6624,1.4774,
S-CMBGN031-TR07,CRE 56 San Pablo Rincon Pacheco,Pto. de Calidad Campo Rincon Pacheco T.R.,07/07/17 05:00:00,99.2177,0.0971,0.1539,0.2510,0.2544,248.2618,27.1137,37.9458,50.6624,1.4155,
S-CMBGN041-TR10,CRE 58 Cauchy,Pto. de Calidad Campo Cauchy T.R.,01/07/17 05:00:00,98.5119,0.1234,0.2730,0.3964,0.6600,262.2619,0.1768,38.1509,50.6942,2.4885,
S-CMBGN041-TR10,CRE 58 Cauchy,Pto. de Calidad Campo Cauchy T.R.,02/07/17 05:00:00,98.5136,0.1234,0.2726,0.3959,0.6604,260.0376,0.1854,38.1487,50.6929,2.3766,
S-CMBGN041-TR10,CRE 58 Cauchy,Pto. de Calidad Campo Cauchy T.R.,03/07/17 05:00:00,98.5176,0.1232,0.2694,0.3926,0.6600,261.2721,0.1813,38.1497,50.6960,2.1704,
S-CMBGN041-TR10,CRE 58 Cauchy,Pto. de Calidad Campo Cauchy T.R.,04/07/17 05:00:00,98.5036,0.1236,0.2745,0.3982,0.6635,265.8314,0.1867,37.9711,50.4598,2.6508,
S-CMBGN041-TR10,CRE 58 Cauchy,Pto. de Calidad Campo Cauchy T.R.,05/07/17 05:00:00,98.5105,0.1233,0.2715,0.3948,0.6597,266.3620,0.1886,38.1566,50.6980,2.4751,
S-CMBGN041-TR10,CRE 58 Cauchy,Pto. de Calidad Campo Cauchy T.R.,06/07/17 05:00:00,98.5231,0.1233,0.2732,0.3965,0.6561,262.6561,0.1890,38.1440,50.6829,2.3462,
S-CMBGN041-TR10,CRE 58 Cauchy,Pto. de Calidad Campo Cauchy T.R.,07/07/17 05:00:00,98.5279,0.1230,0.2710,0.3940,0.6552,260.4771,0.1920,38.1423,50.6897,2.2182,
S-CMEGN021-TR02,CRE 48 El Veinte,Pto. de Calidad Campo Veinte T.R.,01/07/17 05:00:00,98.2747,0.2481,0.2496,0.4976,0.9258,221.5045,9.3725,38.0847,50.5856,2.0146,
S-CMEGN021-TR02,CRE 48 El Veinte,Pto. de Calidad Campo Veinte T.R.,02/07/17 05:00:00,98.2641,0.2521,0.2499,0.5020,0.9273,223.5255,9.7748,38.0881,50.5844,1.5406,
S-CMEGN021-TR02,CRE 48 El Veinte,Pto. de Calidad Campo Veinte T.R.,03/07/17 05:00:00,98.2638,0.2491,0.2502,0.4993,0.9303,219.5345,11.5213,38.0903,50.5876,1.7357,
S-CMEGN021-TR02,CRE 48 El Veinte,Pto. de Calidad Campo Veinte T.R.,04/07/17 05:00:00,98.2331,0.2614,0.2499,0.5113,0.9417,225.5335,11.8272,38.0952,50.5817,1.4822,
S-CMEGN021-TR02,CRE 48 El Veinte,Pto. de Calidad Campo Veinte T.R.,05/07/17 05:00:00,98.2157,0.2675,0.2497,0.5171,0.9470,227.0790,11.3117,38.0998,50.5800,1.5092,
S-CMEGN021-TR02,CRE 48 El Veinte,Pto. de Calidad Campo Veinte T.R.,06/07/17 05:00:00,98.2659,0.2450,0.2501,0.4951,0.9247,221.9704,9.3408,38.0974,50.5946,1.4943,
S-CMEGN021-TR02,CRE 48 El Veinte,Pto. de Calidad Campo Veinte T.R.,07/07/17 05:00:00,98.2732,0.2428,0.2510,0.4938,0.9270,217.3988,9.7508,38.0915,50.5924,1.8174,
S-GUBGN030-TR01,CRE 23 Guadalajara,Pto. de Calidad El Castillo T.R.,01/07/17 09:00:00,95.9760,0.0000,0.0619,0.0619,3.6221,202.1965,0.0651,38.9948,51.3656,0,
S-GUBGN030-TR01,CRE 23 Guadalajara,Pto. de Calidad El Castillo T.R.,02/07/17 09:00:00,95.9491,0.0247,0.0707,0.0955,3.6092,203.2615,0.0723,38.9824,51.3368,0,
S-GUBGN030-TR01,CRE 23 Guadalajara,Pto. de Calidad El Castillo T.R.,03/07/17 09:00:00,96.1503,0.2721,0.1713,0.4435,3.1444,225.1577,0.0844,38.6691,50.9375,0,
S-GUBGN030-TR01,CRE 23 Guadalajara,Pto. de Calidad El Castillo T.R.,04/07/17 09:00:00,96.0899,0.3241,0.1943,0.5184,3.1306,230.1215,0.0757,38.6374,50.8719,0,
S-GUBGN030-TR01,CRE 23 Guadalajara,Pto. de Calidad El Castillo T.R.,05/07/17 09:00:00,96.0888,0.3322,0.1881,0.5203,3.1235,230.6726,0.9247,38.6385,50.8697,0,
S-GUBGN030-TR01,CRE 23 Guadalajara,Pto. de Calidad El Castillo T.R.,06/07/17 09:00:00,96.1682,0.7558,0.3816,1.1373,2.4895,243.6614,29.1109,38.1796,50.2174,0,
S-GUBGN030-TR01,CRE 23 Guadalajara,Pto. de Calidad El Castillo T.R.,07/07/17 09:00:00,96.0920,0.3285,0.1918,0.5203,3.1254,221.0595,43.0564,38.6355,50.8689,0,
S-HEBGN252-TR04,CRE 65 Naco-Hermosillo,Pto. de Calidad PR Fenosa T.R.,01/07/17 09:00:00,90.0732,0.3316,1.8588,2.1904,7.1798,213.6211,13.8896,39.3285,50.5036,0.2782,
S-HEBGN252-TR04,CRE 65 Naco-Hermosillo,Pto. de Calidad PR Fenosa T.R.,02/07/17 09:00:00,90.0633,0.3135,1.8678,2.1812,7.1656,215.9545,11.0764,39.3491,50.5235,0.3203,
S-HEBGN252-TR04,CRE 65 Naco-Hermosillo,Pto. de Calidad PR Fenosa T.R.,03/07/17 09:00:00,90.2910,0.2949,1.7592,2.0541,7.1006,213.3963,11.9788,39.3566,50.5884,0.2108,
S-HEBGN252-TR04,CRE 65 Naco-Hermosillo,Pto. de Calidad PR Fenosa T.R.,04/07/17 09:00:00,90.2969,0.2805,1.8003,2.0808,7.1047,213.0708,12.4667,39.3260,50.5626,0.3048,
S-HEBGN252-TR04,CRE 65 Naco-Hermosillo,Pto. de Calidad PR Fenosa T.R.,05/07/17 09:00:00,90.4623,0.2839,1.7711,2.0550,6.9917,212.7333,13.6560,39.2883,50.5517,0.2142,
S-HEBGN252-TR04,CRE 65 Naco-Hermosillo,Pto. de Calidad PR Fenosa T.R.,06/07/17 09:00:00,90.3201,0.2621,1.8209,2.0831,7.0951,213.8166,11.2944,39.3150,50.5595,0.2945,
S-HEBGN252-TR04,CRE 65 Naco-Hermosillo,Pto. de Calidad PR Fenosa T.R.,07/07/17 09:00:00,90.0957,0.2710,1.8812,2.1522,7.2174,214.6415,11.8664,39.3455,50.5442,0.3129,
S-MABGN040-TR06,CRE 13 Madero II,Pto. de Calidad El Blanco T.R.,01/07/17 09:00:00,95.8181,0.6713,0.2468,0.9181,3.0064,242.1112,53.9768,38.4546,50.4987,0.6043,
S-MABGN040-TR06,CRE 13 Madero II,Pto. de Calidad El Blanco T.R.,02/07/17 09:00:00,95.9300,0.6143,0.2511,0.8654,2.9444,243.5105,58.0328,38.4591,50.5392,0.4431,
S-MABGN040-TR06,CRE 13 Madero II,Pto. de Calidad El Blanco T.R.,03/07/17 09:00:00,95.9284,0.6017,0.2667,0.8684,2.9196,248.1109,56.1156,38.4677,50.5456,0.4449,
S-MABGN040-TR06,CRE 13 Madero II,Pto. de Calidad El Blanco T.R.,04/07/17 09:00:00,96.1282,0.5910,0.2437,0.8347,2.7738,246.6720,56.6003,38.4258,50.5400,0.4456,
S-MABGN040-TR06,CRE 13 Madero II,Pto. de Calidad El Blanco T.R.,05/07/17 09:00:00,96.0596,0.6210,0.2338,0.8548,2.8096,247.6102,55.2514,38.4366,50.5296,0.4451,
S-MABGN040-TR06,CRE 13 Madero II,Pto. de Calidad El Blanco T.R.,06/07/17 09:00:00,96.0194,0.6400,0.2276,0.8676,2.8430,246.3593,51.1421,38.4361,50.5188,0.4451,
S-MABGN040-TR06,CRE 13 Madero II,Pto. de Calidad El Blanco T.R.,07/07/17 09:00:00,96.0964,0.6164,0.2415,0.8579,2.7752,247.8152,51.2721,38.4220,50.5210,0.4477,
S-MABGN050-TR07,CRE 12 Madero I,Pto. de Calidad Lomas del Real T.R.,01/07/17 09:00:00,95.6576,0.8476,0.3018,1.1494,2.9414,245.1246,4.8120,38.3483,50.2892,0.5973,
S-MABGN050-TR07,CRE 12 Madero I,Pto. de Calidad Lomas del Real T.R.,02/07/17 09:00:00,95.7598,0.8114,0.3208,1.1322,2.8455,246.8229,5.0170,38.3361,50.2987,0.5193,
S-MABGN050-TR07,CRE 12 Madero I,Pto. de Calidad Lomas del Real T.R.,03/07/17 09:00:00,95.8374,0.7675,0.3315,1.0990,2.7813,247.8556,5.0641,38.3435,50.3286,0.4378,
S-MABGN050-TR07,CRE 12 Madero I,Pto. de Calidad Lomas del Real T.R.,04/07/17 09:00:00,96.0299,0.7627,0.3060,1.0686,2.6391,247.9161,5.1751,38.3020,50.3200,0.3104,
S-MABGN050-TR07,CRE 12 Madero I,Pto. de Calidad Lomas del Real T.R.,05/07/17 09:00:00,95.9540,0.7952,0.2875,1.0828,2.6874,246.7696,5.1798,38.3180,50.3148,0.3756,
S-MABGN050-TR07,CRE 12 Madero I,Pto. de Calidad Lomas del Real T.R.,06/07/17 09:00:00,95.9083,0.8194,0.2816,1.1010,2.7183,246.5258,4.9738,38.3169,50.3001,0.3759,
S-MABGN050-TR07,CRE 12 Madero I,Pto. de Calidad Lomas del Real T.R.,07/07/17 09:00:00,95.9865,0.7886,0.2986,1.0872,2.6557,247.3625,5.2274,38.3041,50.3065,0.3509,
S-MABGN160-TR03,CRE Iberdrola Altamira,Pto. de Calidad IBERDROLA T.R.,01/07/17 09:00:00,95.7585,0.6771,0.2606,0.9377,3.0688,215.4044,8.9782,38.4523,50.4851,0.0201,
S-MABGN160-TR03,CRE Iberdrola Altamira,Pto. de Calidad IBERDROLA T.R.,02/07/17 09:00:00,95.8531,0.6254,0.2670,0.8924,3.0123,216.0228,8.5720,38.4588,50.5221,0.0175,
S-MABGN160-TR03,CRE Iberdrola Altamira,Pto. de Calidad IBERDROLA T.R.,03/07/17 09:00:00,95.8779,0.6111,0.2796,0.8907,2.9713,217.3091,9.4073,38.4606,50.5271,0.0179,
S-MABGN160-TR03,CRE Iberdrola Altamira,Pto. de Calidad IBERDROLA T.R.,04/07/17 09:00:00,96.0408,0.6080,0.2590,0.8670,2.8473,216.9269,9.2497,38.4244,50.5183,0.0194,
S-MABGN160-TR03,CRE Iberdrola Altamira,Pto. de Calidad IBERDROLA T.R.,05/07/17 09:00:00,95.9830,0.6354,0.2445,0.8799,2.8828,217.0683,7.9879,38.4355,50.5120,0.0184,
S-MABGN160-TR03,CRE Iberdrola Altamira,Pto. de Calidad IBERDROLA T.R.,06/07/17 09:00:00,95.9556,0.6531,0.2420,0.8951,2.8980,216.4929,6.5945,38.4317,50.4986,0.0167,
S-MABGN160-TR03,CRE Iberdrola Altamira,Pto. de Calidad IBERDROLA T.R.,07/07/17 09:00:00,96.0240,0.6254,0.2559,0.8813,2.8462,216.8990,6.6557,38.4206,50.5053,0.0171,
S-MIBGN030-TR12,CRE 33 Pecosa Baja,Pto. de Calidad Gas de Baja Mina T.R.,01/07/17 09:00:00,84.9030,0.0281,10.1759,10.2040,4.5542,239.9931,70.5944,35.4187,44.8798,0,
S-MIBGN030-TR12,CRE 33 Pecosa Baja,Pto. de Calidad Gas de Baja Mina T.R.,02/07/17 09:00:00,87.7077,0.0740,8.4345,8.5085,3.4591,251.8129,62.7328,35.7493,45.7435,0,
S-MIBGN030-TR12,CRE 33 Pecosa Baja,Pto. de Calidad Gas de Baja Mina T.R.,03/07/17 09:00:00,86.7418,0.1481,8.7814,8.9295,3.9525,244.7162,53.4035,35.7568,45.5670,0,
S-MIBGN030-TR12,CRE 33 Pecosa Baja,Pto. de Calidad Gas de Baja Mina T.R.,04/07/17 09:00:00,82.8574,0.0267,10.4545,10.4812,5.6082,247.3882,73.1710,36.0661,45.1927,0,
S-MIBGN030-TR12,CRE 33 Pecosa Baja,Pto. de Calidad Gas de Baja Mina T.R.,05/07/17 09:00:00,84.1567,0.0591,9.7833,9.8424,5.0783,254.8417,113.3687,36.0978,45.4489,0,
S-MIBGN030-TR12,CRE 33 Pecosa Baja,Pto. de Calidad Gas de Baja Mina T.R.,06/07/17 09:00:00,83.7429,0.0318,10.9224,10.9542,4.8838,237.2927,55.5400,35.2754,44.5013,0,
S-MIBGN030-TR12,CRE 33 Pecosa Baja,Pto. de Calidad Gas de Baja Mina T.R.,07/07/17 09:00:00,83.2414,0.0320,11.1545,11.1865,5.0775,232.2337,38.0871,35.2827,44.4190,0,
S-MIBGN091-TR02,CRE 32 Pecosa Alta,Pto. de Calidad Pecosa Alta Presión T.R.,01/07/17 09:00:00,84.9030,0.0281,10.1759,10.2040,4.5542,239.9931,70.5944,35.4187,44.8798,0,
S-MIBGN091-TR02,CRE 32 Pecosa Alta,Pto. de Calidad Pecosa Alta Presión T.R.,02/07/17 09:00:00,87.7077,0.0740,8.4345,8.5085,3.4591,251.8129,62.7328,35.7493,45.7435,0,
S-MIBGN091-TR02,CRE 32 Pecosa Alta,Pto. de Calidad Pecosa Alta Presión T.R.,03/07/17 09:00:00,86.7418,0.1481,8.7814,8.9295,3.9525,244.7162,53.4035,35.7568,45.5670,0,
S-MIBGN091-TR02,CRE 32 Pecosa Alta,Pto. de Calidad Pecosa Alta Presión T.R.,04/07/17 09:00:00,82.8574,0.0267,10.4545,10.4812,5.6082,247.3882,73.1710,36.0661,45.1927,0,
S-MIBGN091-TR02,CRE 32 Pecosa Alta,Pto. de Calidad Pecosa Alta Presión T.R.,05/07/17 09:00:00,84.1567,0.0591,9.7833,9.8424,5.0783,254.8417,113.3687,36.0978,45.4489,0,
S-MIBGN091-TR02,CRE 32 Pecosa Alta,Pto. de Calidad Pecosa Alta Presión T.R.,06/07/17 09:00:00,83.7429,0.0318,10.9224,10.9542,4.8838,237.2927,55.5400,35.2754,44.5013,0,
S-MIBGN091-TR02,CRE 32 Pecosa Alta,Pto. de Calidad Pecosa Alta Presión T.R.,07/07/17 09:00:00,83.2414,0.0320,11.1545,11.1865,5.0775,232.2337,38.0871,35.2827,44.4190,0,
S-MIBGN140-TR04,CRE 41 CPG La Venta,Pto. de Calidad La Venta T.R.,01/07/17 05:00:00,88.9399,0.0230,7.1851,7.2081,3.6310,,0,36.1963,46.5542,0,
S-MIBGN140-TR04,CRE 41 CPG La Venta,Pto. de Calidad La Venta T.R.,02/07/17 05:00:00,89.4480,0.0020,6.4940,6.4960,3.8030,,0,36.5388,47.0642,0,
S-MIBGN140-TR04,CRE 41 CPG La Venta,Pto. de Calidad La Venta T.R.,03/07/17 05:00:00,90.1030,0.0040,6.0880,6.0920,3.5670,,0,36.6092,47.2755,0,
S-MIBGN140-TR04,CRE 41 CPG La Venta,Pto. de Calidad La Venta T.R.,04/07/17 05:00:00,89.0389,0.0000,7.0021,7.0021,3.7140,,0,36.3112,46.7150,0,
S-MIBGN140-TR04,CRE 41 CPG La Venta,Pto. de Calidad La Venta T.R.,05/07/17 05:00:00,88.5360,0.0020,7.3010,7.3030,3.9080,,0,36.2570,46.5577,0,
S-MIBGN140-TR04,CRE 41 CPG La Venta,Pto. de Calidad La Venta T.R.,06/07/17 05:00:00,88.9261,0.0190,7.1679,7.1869,3.6590,,0,36.2199,46.5783,0,
S-MIBGN140-TR04,CRE 41 CPG La Venta,Pto. de Calidad La Venta T.R.,07/07/17 05:00:00,89.2200,0.0170,6.8230,6.8400,3.6900,,0,36.3718,46.8156,0,
S-MIBGN150-TR06,CRE 47 Pajaritos (Criogénica),Pto. de Calidad Pajaritos B.P. T.R.,01/07/17 09:00:00,92.1180,1.0830,4.7720,5.8550,1.9950,,0,36.1367,46.8476,0,
S-MIBGN150-TR06,CRE 47 Pajaritos (Criogénica),Pto. de Calidad Pajaritos B.P. T.R.,02/07/17 09:00:00,91.9711,1.0736,4.8072,5.8808,2.1124,,0,36.1623,46.8547,0,
S-MIBGN150-TR06,CRE 47 Pajaritos (Criogénica),Pto. de Calidad Pajaritos B.P. T.R.,03/07/17 09:00:00,93.9730,0.9330,4.2230,5.1560,0.8640,,0,36.0662,47.1330,0,
S-MIBGN150-TR06,CRE 47 Pajaritos (Criogénica),Pto. de Calidad Pajaritos B.P. T.R.,04/07/17 09:00:00,92.9190,1.7280,4.2430,5.9710,1.0930,,0,35.8289,46.4674,0,
S-MIBGN150-TR06,CRE 47 Pajaritos (Criogénica),Pto. de Calidad Pajaritos B.P. T.R.,05/07/17 09:00:00,92.4900,1.2630,4.7110,5.9740,1.4210,,0,36.0026,46.6755,0,
S-MIBGN150-TR06,CRE 47 Pajaritos (Criogénica),Pto. de Calidad Pajaritos B.P. T.R.,06/07/17 09:00:00,91.1100,2.6400,4.0400,6.6800,2.1230,,0,35.8925,46.0226,0,
S-MIBGN150-TR06,CRE 47 Pajaritos (Criogénica),Pto. de Calidad Pajaritos B.P. T.R.,07/07/17 09:00:00,93.5430,0.8110,4.5720,5.3830,1.0670,,0,36.0380,47.0460,0,
S-MIBGN150-TR07,CRE 34 Caseta General Pajaritos,Pto. de Calidad Caseta Gral. Pajaritos T.R.,01/07/17 09:00:00,92.5121,0.9670,4.5300,5.4969,1.8630,,0,36.3110,47.1310,0,
S-MIBGN150-TR07,CRE 34 Caseta General Pajaritos,Pto. de Calidad Caseta Gral. Pajaritos T.R.,02/07/17 09:00:00,92.3257,1.0772,4.5012,5.5785,1.9527,,0,36.3171,47.0761,0,
S-MIBGN150-TR07,CRE 34 Caseta General Pajaritos,Pto. de Calidad Caseta Gral. Pajaritos T.R.,03/07/17 09:00:00,88.7300,2.8000,2.5220,5.3220,3.6460,,0,38.6299,48.2184,0,
S-MIBGN150-TR07,CRE 34 Caseta General Pajaritos,Pto. de Calidad Caseta Gral. Pajaritos T.R.,04/07/17 09:00:00,87.4930,2.8740,4.0060,6.8800,3.8990,,0,37.6291,46.9790,0,
S-MIBGN150-TR07,CRE 34 Caseta General Pajaritos,Pto. de Calidad Caseta Gral. Pajaritos T.R.,05/07/17 09:00:00,93.3640,0.1140,4.8920,5.0060,1.5990,,0,36.3446,47.5518,0,
S-MIBGN150-TR07,CRE 34 Caseta General Pajaritos,Pto. de Calidad Caseta Gral. Pajaritos T.R.,06/07/17 09:00:00,89.3870,0.4250,3.9380,4.3630,3.7970,,0,39.1635,49.4349,0,
S-MIBGN150-TR07,CRE 34 Caseta General Pajaritos,Pto. de Calidad Caseta Gral. Pajaritos T.R.,07/07/17 09:00:00,91.0330,3.1430,4.4480,7.5910,1.3570,,0,35.2931,45.1740,0,
S-MTBGN040-TR15,CRE CFE CCC Huinala,Pto. de Calidad CCC Huinala T.R.,01/07/17 09:00:00,95.8323,1.7100,0.1091,1.8191,1.9188,,0,37.9853,49.5708,0,
S-MTBGN040-TR15,CRE CFE CCC Huinala,Pto. de Calidad CCC Huinala T.R.,02/07/17 09:00:00,95.8611,1.7110,0.1126,1.8236,1.9062,,0,37.9613,49.5547,0,
S-MTBGN040-TR15,CRE CFE CCC Huinala,Pto. de Calidad CCC Huinala T.R.,03/07/17 09:00:00,95.9346,1.7066,0.1135,1.8202,1.8597,,0,37.9292,49.5386,0,
S-MTBGN040-TR15,CRE CFE CCC Huinala,Pto. de Calidad CCC Huinala T.R.,04/07/17 09:00:00,95.8563,1.7439,0.1100,1.8538,1.8869,,0,37.9389,49.5204,0,
S-MTBGN040-TR15,CRE CFE CCC Huinala,Pto. de Calidad CCC Huinala T.R.,05/07/17 09:00:00,95.7730,1.7653,0.1115,1.8768,1.9382,,0,37.9518,49.5124,0,
S-MTBGN040-TR15,CRE CFE CCC Huinala,Pto. de Calidad CCC Huinala T.R.,06/07/17 09:00:00,95.8246,1.7448,0.1128,1.8577,1.8994,,0,37.9593,49.5306,0,
S-MTBGN040-TR15,CRE CFE CCC Huinala,Pto. de Calidad CCC Huinala T.R.,07/07/17 09:00:00,95.9155,1.7273,0.1111,1.8383,1.8369,,0,37.9424,49.5330,0,
S-MTBGN180-TR25,CRE 8 Apodaca,"Pto. de Calidad Apodaca 22"" T.R.",01/07/17 09:00:00,95.0204,1.1692,0.1953,1.3646,3.4290,246.0837,33.5572,38.3693,50.1270,2.0591,
S-MTBGN180-TR25,CRE 8 Apodaca,"Pto. de Calidad Apodaca 22"" T.R.",02/07/17 09:00:00,94.7622,1.2400,0.1838,1.4238,3.6333,245.3582,31.1118,38.4002,50.1014,2.5563,
S-MTBGN180-TR25,CRE 8 Apodaca,"Pto. de Calidad Apodaca 22"" T.R.",03/07/17 09:00:00,94.6935,1.3577,0.1426,1.5003,3.5973,248.2218,30.0659,38.3792,50.0269,3.4500,
S-MTBGN180-TR25,CRE 8 Apodaca,"Pto. de Calidad Apodaca 22"" T.R.",04/07/17 09:00:00,94.8224,1.3329,0.1521,1.4849,3.4720,248.3687,30.6013,38.3583,50.0275,2.7978,
S-MTBGN180-TR25,CRE 8 Apodaca,"Pto. de Calidad Apodaca 22"" T.R.",05/07/17 09:00:00,94.8333,1.2587,0.1658,1.4245,3.5414,244.5165,30.0928,38.3848,50.0877,2.2596,
S-MTBGN180-TR25,CRE 8 Apodaca,"Pto. de Calidad Apodaca 22"" T.R.",06/07/17 09:00:00,94.6251,1.2062,0.1848,1.3910,3.7738,236.5589,29.7565,38.4654,50.1617,2.0135,
S-MTBGN180-TR25,CRE 8 Apodaca,"Pto. de Calidad Apodaca 22"" T.R.",07/07/17 09:00:00,95.0872,1.2675,0.1598,1.4273,3.3107,248.1063,34.6227,38.3081,50.0401,0.8667,
S-MTBGN190-TR23,CRE 9 Red Monclova,Pto. de Calidad Castaños T.R.,01/07/17 09:00:00,96.2415,0.7885,0.3995,1.1880,2.3632,270.1205,0.0000,38.1705,50.1835,0.0000,
S-MTBGN190-TR23,CRE 9 Red Monclova,Pto. de Calidad Castaños T.R.,02/07/17 09:00:00,95.6386,0.9293,0.3448,1.2741,2.8811,271.9288,0.0000,38.2895,50.1787,0.0000,
S-MTBGN190-TR23,CRE 9 Red Monclova,Pto. de Calidad Castaños T.R.,03/07/17 09:00:00,95.5564,0.8991,0.3993,1.2984,2.9336,271.1238,0.0000,38.2958,50.1785,0.0000,
S-MTBGN190-TR23,CRE 9 Red Monclova,Pto. de Calidad Castaños T.R.,04/07/17 09:00:00,95.6361,0.9609,0.3459,1.3068,2.8406,271.9908,0.0000,38.2703,50.1453,0.0000,
S-MTBGN190-TR23,CRE 9 Red Monclova,Pto. de Calidad Castaños T.R.,05/07/17 09:00:00,95.9007,0.8784,0.3488,1.2271,2.6566,272.0976,0.0000,38.2480,50.1885,0.0000,
S-MTBGN190-TR23,CRE 9 Red Monclova,Pto. de Calidad Castaños T.R.,06/07/17 09:00:00,96.0594,0.8033,0.3414,1.1447,2.5927,270.3303,0.0000,38.2484,50.2446,0.0000,
S-MTBGN190-TR23,CRE 9 Red Monclova,Pto. de Calidad Castaños T.R.,07/07/17 09:00:00,95.9221,0.8221,0.3484,1.1705,2.6852,271.7199,0.0276,38.2809,50.2467,0.0022,
S-MTBGN210-TR04,CRE 3 Escobedo Baja,Pto. de Calidad Cabezal Baja T.R.,01/07/17 09:00:00,95.0173,1.1695,0.1957,1.3651,3.4315,246.0778,14.3017,38.3697,50.1270,2.4654,
S-MTBGN210-TR04,CRE 3 Escobedo Baja,Pto. de Calidad Cabezal Baja T.R.,02/07/17 09:00:00,94.7563,1.2412,0.1831,1.4243,3.6389,245.3902,12.1323,38.4016,50.1017,2.4595,
S-MTBGN210-TR04,CRE 3 Escobedo Baja,Pto. de Calidad Cabezal Baja T.R.,03/07/17 09:00:00,94.6888,1.3571,0.1425,1.4996,3.6030,248.2778,11.8406,38.3809,50.0284,2.4064,
S-MTBGN210-TR04,CRE 3 Escobedo Baja,Pto. de Calidad Cabezal Baja T.R.,04/07/17 09:00:00,94.8218,1.3332,0.1519,1.4851,3.4725,248.3666,12.3576,38.3583,50.0274,1.7916,
S-MTBGN210-TR04,CRE 3 Escobedo Baja,Pto. de Calidad Cabezal Baja T.R.,05/07/17 09:00:00,94.8333,1.2588,0.1660,1.4249,3.5410,244.4521,12.3595,38.3847,50.0874,1.5563,
S-MTBGN210-TR04,CRE 3 Escobedo Baja,Pto. de Calidad Cabezal Baja T.R.,06/07/17 09:00:00,94.6263,1.2082,0.1837,1.3920,3.7724,236.4443,11.2620,38.4640,50.1600,1.2948,
S-MTBGN210-TR04,CRE 3 Escobedo Baja,Pto. de Calidad Cabezal Baja T.R.,07/07/17 09:00:00,95.0848,1.2672,0.1605,1.4277,3.3130,248.0990,12.8857,38.3085,50.0402,1.1576,
S-MTBGN210-TR05,CRE 2 Escobedo Alta,Pto. de Calidad Cabezal Alta T.R.,01/07/17 09:00:00,96.1657,0.7452,0.3183,1.0635,2.5606,244.8733,30.9109,38.2486,50.2963,0,
S-MTBGN210-TR05,CRE 2 Escobedo Alta,Pto. de Calidad Cabezal Alta T.R.,02/07/17 09:00:00,95.9396,0.7052,0.3594,1.0647,2.7470,245.9653,30.9100,38.3263,50.3496,0,
S-MTBGN210-TR05,CRE 2 Escobedo Alta,Pto. de Calidad Cabezal Alta T.R.,03/07/17 09:00:00,96.2101,0.7092,0.3105,1.0196,2.5614,245.1118,30.9040,38.2635,50.3337,0,
S-MTBGN210-TR05,CRE 2 Escobedo Alta,Pto. de Calidad Cabezal Alta T.R.,04/07/17 09:00:00,96.1855,0.7211,0.3040,1.0252,2.5841,244.7738,30.9061,38.2651,50.3292,0.0003,
S-MTBGN210-TR05,CRE 2 Escobedo Alta,Pto. de Calidad Cabezal Alta T.R.,05/07/17 09:00:00,96.2473,0.7580,0.2515,1.0094,2.5492,244.8937,30.9078,38.2535,50.3210,0,
S-MTBGN210-TR05,CRE 2 Escobedo Alta,Pto. de Calidad Cabezal Alta T.R.,06/07/17 09:00:00,96.1980,0.7504,0.2779,1.0284,2.5698,245.8802,30.9123,38.2597,50.3176,0.0004,
S-MTBGN210-TR05,CRE 2 Escobedo Alta,Pto. de Calidad Cabezal Alta T.R.,07/07/17 09:00:00,96.3491,0.6956,0.2845,0.9801,2.4756,243.6503,31.2313,38.2432,50.3437,0,
S-MTBGN221-TR24,CRE 1 Ramones,Pto. de Calidad Ramones T.R.,01/07/17 09:00:00,95.8545,0.7631,0.3358,1.0989,2.8218,253.5755,0,38.3208,50.3170,0,
S-MTBGN221-TR24,CRE 1 Ramones,Pto. de Calidad Ramones T.R.,02/07/17 09:00:00,95.7880,0.7419,0.3323,1.0742,2.8985,253.3421,0,38.3603,50.3560,0,
S-MTBGN221-TR24,CRE 1 Ramones,Pto. de Calidad Ramones T.R.,03/07/17 09:00:00,95.9401,0.7509,0.3052,1.0560,2.7948,252.0679,0,38.3167,50.3373,0,
S-MTBGN221-TR24,CRE 1 Ramones,Pto. de Calidad Ramones T.R.,04/07/17 09:00:00,96.0187,0.7699,0.2744,1.0442,2.7361,252.0335,0,38.2992,50.3282,0,
S-MTBGN221-TR24,CRE 1 Ramones,Pto. de Calidad Ramones T.R.,05/07/17 09:00:00,95.9070,0.8207,0.2666,1.0874,2.8021,251.9516,0,38.3032,50.2985,0,
S-MTBGN221-TR24,CRE 1 Ramones,Pto. de Calidad Ramones T.R.,06/07/17 09:00:00,95.9938,0.7646,0.2918,1.0564,2.7406,252.2572,0,38.3013,50.3251,0,
S-MTBGN221-TR24,CRE 1 Ramones,Pto. de Calidad Ramones T.R.,07/07/17 09:00:00,96.1155,0.7296,0.2833,1.0130,2.6773,250.4303,0,38.2889,50.3465,0,
S-MTBGN230-TR06,CRE 7 Santa Rosa,Pto. de Calidad Santa Rosa T.R.,01/07/17 09:00:00,94.4605,1.0712,0.2745,1.3457,4.0801,238.7392,0,38.5073,50.2387,0,
S-MTBGN230-TR06,CRE 7 Santa Rosa,Pto. de Calidad Santa Rosa T.R.,02/07/17 09:00:00,94.4605,1.0712,0.2745,1.3457,4.0801,238.7392,0,38.5073,50.2387,0,
S-MTBGN230-TR06,CRE 7 Santa Rosa,Pto. de Calidad Santa Rosa T.R.,03/07/17 09:00:00,94.4605,1.0712,0.2745,1.3457,4.0801,238.7392,0,38.5073,50.2387,0,
S-MTBGN230-TR06,CRE 7 Santa Rosa,Pto. de Calidad Santa Rosa T.R.,04/07/17 09:00:00,94.4605,1.0712,0.2745,1.3457,4.0801,238.7392,0,38.5073,50.2387,0,
S-MTBGN230-TR06,CRE 7 Santa Rosa,Pto. de Calidad Santa Rosa T.R.,05/07/17 09:00:00,94.4605,1.0712,0.2745,1.3457,4.0801,238.7392,0,38.5073,50.2387,0,
S-MTBGN230-TR06,CRE 7 Santa Rosa,Pto. de Calidad Santa Rosa T.R.,06/07/17 09:00:00,94.4605,1.0712,0.2745,1.3457,4.0801,238.7392,0,38.5073,50.2387,0,
S-MTBGN230-TR06,CRE 7 Santa Rosa,Pto. de Calidad Santa Rosa T.R.,07/07/17 09:00:00,94.4605,1.0712,0.2745,1.3457,4.0801,238.7392,0,38.5073,50.2387,0,
S-MTBGN440-TR07,CRE Kinder Morgan Mty,Pto. de Calidad Kinder Morgan T.R.,01/07/17 09:00:00,,,,,,,2.9287,,,1.0060,
S-MTBGN440-TR07,CRE Kinder Morgan Mty,Pto. de Calidad Kinder Morgan T.R.,02/07/17 09:00:00,,,,,,,2.8105,,,1.2315,
S-MTBGN440-TR07,CRE Kinder Morgan Mty,Pto. de Calidad Kinder Morgan T.R.,03/07/17 09:00:00,,,,,,,2.9106,,,1.3099,
S-MTBGN440-TR07,CRE Kinder Morgan Mty,Pto. de Calidad Kinder Morgan T.R.,04/07/17 09:00:00,,,,,,,2.9361,,,1.4413,
S-MTBGN440-TR07,CRE Kinder Morgan Mty,Pto. de Calidad Kinder Morgan T.R.,05/07/17 09:00:00,,,,,,,2.9500,,,1.2597,
S-MTBGN440-TR07,CRE Kinder Morgan Mty,Pto. de Calidad Kinder Morgan T.R.,06/07/17 09:00:00,,,,,,,2.8944,,,1.0826,
S-MTBGN440-TR07,CRE Kinder Morgan Mty,Pto. de Calidad Kinder Morgan T.R.,07/07/17 09:00:00,,,,,,,2.7755,,,1.1053,
S-MTBGN612-TR22,CRE 53 Monclova,Pto. de Calidad Inyección PEP Santa Elena T.R.,01/07/17 05:00:00,99.0858,0.1734,0.4005,0.5739,0.3294,238.6441,0.1058,37.6570,50.3286,0,
S-MTBGN612-TR22,CRE 53 Monclova,Pto. de Calidad Inyección PEP Santa Elena T.R.,02/07/17 05:00:00,99.0858,0.1734,0.4005,0.5739,0.3294,238.6441,0.1164,37.6570,50.3286,0,
S-MTBGN612-TR22,CRE 53 Monclova,Pto. de Calidad Inyección PEP Santa Elena T.R.,03/07/17 05:00:00,99.0858,0.1734,0.4005,0.5739,0.3294,238.6441,0.1086,37.6570,50.3286,0,
S-MTBGN612-TR22,CRE 53 Monclova,Pto. de Calidad Inyección PEP Santa Elena T.R.,04/07/17 05:00:00,99.0858,0.1734,0.4005,0.5739,0.3294,238.6441,0.1048,37.6570,50.3286,0,
S-MTBGN612-TR22,CRE 53 Monclova,Pto. de Calidad Inyección PEP Santa Elena T.R.,05/07/17 05:00:00,99.0858,0.1734,0.4005,0.5739,0.3294,238.6441,0.1056,37.6570,50.3286,0,
S-MTBGN612-TR22,CRE 53 Monclova,Pto. de Calidad Inyección PEP Santa Elena T.R.,06/07/17 05:00:00,99.0858,0.1734,0.4005,0.5739,0.3294,238.6441,0.1104,37.6570,50.3286,0,
S-MTBGN612-TR22,CRE 53 Monclova,Pto. de Calidad Inyección PEP Santa Elena T.R.,07/07/17 05:00:00,99.0858,0.1734,0.4005,0.5739,0.3294,238.6441,0.1145,37.6570,50.3286,0,
S-PRBGN220-TR05,CRE 43 CPG Poza Rica,Pto. de Calidad Fza. y Engia. Tuxpan T.R.,01/07/17 09:00:00,95.7661,0.7003,0.3103,1.0106,2.9454,,,38.4172,50.4245,,
S-PRBGN220-TR05,CRE 43 CPG Poza Rica,Pto. de Calidad Fza. y Engia. Tuxpan T.R.,02/07/17 09:00:00,95.6751,0.6381,0.3176,0.9557,3.1088,,,38.4697,50.4948,,
S-PRBGN220-TR05,CRE 43 CPG Poza Rica,Pto. de Calidad Fza. y Engia. Tuxpan T.R.,03/07/17 09:00:00,95.6527,0.5937,0.3410,0.9347,3.1128,,,38.5043,50.5347,,
S-PRBGN220-TR05,CRE 43 CPG Poza Rica,Pto. de Calidad Fza. y Engia. Tuxpan T.R.,04/07/17 09:00:00,95.9466,0.5625,0.3189,0.8813,2.9008,,,38.4462,50.5339,,
S-PRBGN220-TR05,CRE 43 CPG Poza Rica,Pto. de Calidad Fza. y Engia. Tuxpan T.R.,05/07/17 09:00:00,95.9006,0.5946,0.3133,0.9078,2.9157,,,38.4444,50.5128,,
S-PRBGN220-TR05,CRE 43 CPG Poza Rica,Pto. de Calidad Fza. y Engia. Tuxpan T.R.,06/07/17 09:00:00,95.8442,0.6388,0.2895,0.9283,2.9567,,,38.4435,50.4923,,
S-PRBGN220-TR05,CRE 43 CPG Poza Rica,Pto. de Calidad Fza. y Engia. Tuxpan T.R.,07/07/17 09:00:00,95.9604,0.6316,0.2970,0.9286,2.8461,,,38.4100,50.4748,,
S-REBGN070-TR11,CRE 59 Kinder Morgan Reynosa,Pto. de Calidad Imp. Kinder Morgan T.R.,01/07/17 09:00:00,96.4439,0.8798,0.1818,1.0617,2.2866,260.6541,36.3497,38.1814,50.2261,0.0554,
S-REBGN070-TR11,CRE 59 Kinder Morgan Reynosa,Pto. de Calidad Imp. Kinder Morgan T.R.,02/07/17 09:00:00,96.2464,0.9245,0.1911,1.1156,2.4253,259.2278,37.2726,38.2015,50.2021,0.0512,
S-REBGN070-TR11,CRE 59 Kinder Morgan Reynosa,Pto. de Calidad Imp. Kinder Morgan T.R.,03/07/17 09:00:00,96.3374,0.8969,0.1937,1.0905,2.3637,259.7655,36.6872,38.1915,50.2145,0.7889,
S-REBGN070-TR11,CRE 59 Kinder Morgan Reynosa,Pto. de Calidad Imp. Kinder Morgan T.R.,04/07/17 09:00:00,96.4342,0.9099,0.1828,1.0927,2.2587,261.2016,37.5837,38.1669,50.1962,0.0064,
S-REBGN070-TR11,CRE 59 Kinder Morgan Reynosa,Pto. de Calidad Imp. Kinder Morgan T.R.,05/07/17 09:00:00,96.2993,0.9513,0.1736,1.1249,2.3650,260.8885,39.1424,38.1820,50.1802,0.0117,
S-REBGN070-TR11,CRE 59 Kinder Morgan Reynosa,Pto. de Calidad Imp. Kinder Morgan T.R.,06/07/17 09:00:00,96.3500,0.9327,0.1771,1.1098,2.3335,259.9263,40.2446,38.1747,50.1874,0.0046,
S-REBGN070-TR11,CRE 59 Kinder Morgan Reynosa,Pto. de Calidad Imp. Kinder Morgan T.R.,07/07/17 09:00:00,96.4980,0.8544,0.1733,1.0276,2.2843,257.7603,37.9194,38.1772,50.2456,0.0003,
S-REBGN080-TR25,CRE 60 Tetco,Pto. de Calidad Imp. TETCO T.R.,01/07/17 09:00:00,97.3202,0.6323,0.1297,0.7620,1.8226,235.9083,1.8092,38.0706,50.3591,0.0859,
S-REBGN080-TR25,CRE 60 Tetco,Pto. de Calidad Imp. TETCO T.R.,02/07/17 09:00:00,97.3202,0.6323,0.1297,0.7620,1.8226,235.9083,1.8092,38.0706,50.3591,0.0979,
S-REBGN080-TR25,CRE 60 Tetco,Pto. de Calidad Imp. TETCO T.R.,03/07/17 09:00:00,97.3202,0.6323,0.1297,0.7620,1.8226,235.9083,1.8092,38.0706,50.3591,0.1153,
S-REBGN080-TR25,CRE 60 Tetco,Pto. de Calidad Imp. TETCO T.R.,04/07/17 09:00:00,97.3202,0.6323,0.1297,0.7620,1.8226,235.9083,1.8092,38.0706,50.3591,0.1211,
S-REBGN080-TR25,CRE 60 Tetco,Pto. de Calidad Imp. TETCO T.R.,05/07/17 09:00:00,97.3202,0.6323,0.1297,0.7620,1.8226,235.9083,1.8092,38.0706,50.3591,0.1100,
S-REBGN080-TR25,CRE 60 Tetco,Pto. de Calidad Imp. TETCO T.R.,06/07/17 09:00:00,97.3202,0.6323,0.1297,0.7620,1.8226,235.9083,1.8092,38.0706,50.3591,0.0818,
S-REBGN080-TR25,CRE 60 Tetco,Pto. de Calidad Imp. TETCO T.R.,07/07/17 09:00:00,97.3202,0.6323,0.1297,0.7620,1.8226,235.9083,1.8092,38.0706,50.3591,0.0791,
S-REBGN081-TR04,CRE 61 Tennessee,Pto. de Calidad Imp. Tennessee T.R.,01/07/17 09:00:00,97.5488,0.6508,0.1916,0.8424,1.4677,234.7694,1.1892,37.9717,50.2603,0.0127,
S-REBGN081-TR04,CRE 61 Tennessee,Pto. de Calidad Imp. Tennessee T.R.,02/07/17 09:00:00,97.8795,0.5518,0.1980,0.7497,1.2312,236.4955,1.3475,37.9382,50.3087,0.0126,
S-REBGN081-TR04,CRE 61 Tennessee,Pto. de Calidad Imp. Tennessee T.R.,03/07/17 09:00:00,98.0600,0.5207,0.1927,0.7133,1.0917,235.9530,1.3514,37.9091,50.3167,0.0128,
S-REBGN081-TR04,CRE 61 Tennessee,Pto. de Calidad Imp. Tennessee T.R.,04/07/17 09:00:00,97.9883,0.5473,0.1949,0.7422,1.1242,236.1430,1.2391,37.9145,50.2997,0.0138,
S-REBGN081-TR04,CRE 61 Tennessee,Pto. de Calidad Imp. Tennessee T.R.,05/07/17 09:00:00,97.8211,0.5405,0.1947,0.7351,1.3147,236.1421,1.2010,37.9594,50.3304,0.3890,
S-REBGN081-TR04,CRE 61 Tennessee,Pto. de Calidad Imp. Tennessee T.R.,06/07/17 09:00:00,97.8407,0.5541,0.1975,0.7516,1.2780,235.9530,1.1967,37.9437,50.3104,0.3103,
S-REBGN081-TR04,CRE 61 Tennessee,Pto. de Calidad Imp. Tennessee T.R.,07/07/17 09:00:00,97.6297,0.5969,0.1987,0.7956,1.4255,239.8909,1.2125,37.9829,50.3017,0.2296,
S-REBGN120-TR01,CRE 4 GIMSA,"Pto. de Calidad GIMSA 12"" T.R.",01/07/17 09:00:00,96.1379,0.3678,1.7601,2.1279,1.4093,243.3999,30.5776,37.6018,49.5246,0.2412,
S-REBGN120-TR01,CRE 4 GIMSA,"Pto. de Calidad GIMSA 12"" T.R.",02/07/17 09:00:00,96.3909,0.3229,1.8126,2.1355,1.1526,245.3730,30.5102,37.5231,49.4859,0.0801,
S-REBGN120-TR01,CRE 4 GIMSA,"Pto. de Calidad GIMSA 12"" T.R.",03/07/17 09:00:00,96.5818,0.2954,1.7833,2.0787,1.0282,244.7174,28.4639,37.5029,49.5066,0.0135,
S-REBGN120-TR01,CRE 4 GIMSA,"Pto. de Calidad GIMSA 12"" T.R.",04/07/17 09:00:00,96.4869,0.3073,1.8059,2.1131,1.0662,246.0778,28.0906,37.5158,49.4954,0.7194,
S-REBGN120-TR01,CRE 4 GIMSA,"Pto. de Calidad GIMSA 12"" T.R.",05/07/17 09:00:00,96.3669,0.3057,1.7947,2.1004,1.2349,243.9263,26.8034,37.5408,49.5164,0.0154,
S-REBGN120-TR01,CRE 4 GIMSA,"Pto. de Calidad GIMSA 12"" T.R.",06/07/17 09:00:00,96.3475,0.3119,1.8263,2.1382,1.2198,243.9745,27.9064,37.5210,49.4862,0.0134,
S-REBGN120-TR01,CRE 4 GIMSA,"Pto. de Calidad GIMSA 12"" T.R.",07/07/17 09:00:00,96.1499,0.3372,1.8412,2.1784,1.3340,246.3731,28.5618,37.5687,49.4895,0.0129,
S-REBGN260-TR07,"CRE 44 CPG Burgos 1,2 y 3",Pto. de Calidad CPG Burgos  criog. 1 2 3 T.R.,01/07/17 05:00:00,93.4499,1.2235,0.1961,1.4195,5.0330,204.6843,0,38.7305,50.2981,0,
S-REBGN260-TR07,"CRE 44 CPG Burgos 1,2 y 3",Pto. de Calidad CPG Burgos  criog. 1 2 3 T.R.,02/07/17 05:00:00,93.4005,1.2345,0.1954,1.4299,5.0094,205.0742,0,38.7549,50.3046,0,
S-REBGN260-TR07,"CRE 44 CPG Burgos 1,2 y 3",Pto. de Calidad CPG Burgos  criog. 1 2 3 T.R.,03/07/17 05:00:00,93.3541,1.2340,0.1948,1.4288,5.0102,205.4106,0,38.7824,50.3208,0,
S-REBGN260-TR07,"CRE 44 CPG Burgos 1,2 y 3",Pto. de Calidad CPG Burgos  criog. 1 2 3 T.R.,04/07/17 05:00:00,93.3867,1.2292,0.1970,1.4261,4.9896,205.2883,0,38.7722,50.3173,0,
S-REBGN260-TR07,"CRE 44 CPG Burgos 1,2 y 3",Pto. de Calidad CPG Burgos  criog. 1 2 3 T.R.,05/07/17 05:00:00,93.3970,1.2307,0.1963,1.4271,4.9700,205.3287,0,38.7710,50.3159,0,
S-REBGN260-TR07,"CRE 44 CPG Burgos 1,2 y 3",Pto. de Calidad CPG Burgos  criog. 1 2 3 T.R.,06/07/17 05:00:00,93.4704,1.2312,0.1979,1.4290,5.0294,204.5059,0,38.7109,50.2808,0,
S-REBGN260-TR07,"CRE 44 CPG Burgos 1,2 y 3",Pto. de Calidad CPG Burgos  criog. 1 2 3 T.R.,07/07/17 05:00:00,93.5071,1.2323,0.1959,1.4282,5.0566,204.1297,0,38.6829,50.2650,0,
S-REBGN260-TR36,CRE 46 Burgos 5 y 6,Pto. de Calidad CPG Burgos Criog. 5 y 6 T.R,01/07/17 05:00:00,93.7365,1.2000,0.1801,1.3800,4.8797,203.6465,0,38.6480,50.2742,0,
S-REBGN260-TR36,CRE 46 Burgos 5 y 6,Pto. de Calidad CPG Burgos Criog. 5 y 6 T.R,02/07/17 05:00:00,93.7450,1.2104,0.1791,1.3895,4.8615,203.6149,0,38.6392,50.2625,0,
S-REBGN260-TR36,CRE 46 Burgos 5 y 6,Pto. de Calidad CPG Burgos Criog. 5 y 6 T.R,03/07/17 05:00:00,93.7421,1.2088,0.1796,1.3883,4.8670,203.6197,0,38.6406,50.2642,0,
S-REBGN260-TR36,CRE 46 Burgos 5 y 6,Pto. de Calidad CPG Burgos Criog. 5 y 6 T.R,04/07/17 05:00:00,93.7475,1.2087,0.1803,1.3890,4.8609,203.6036,0,38.6386,50.2628,0,
S-REBGN260-TR36,CRE 46 Burgos 5 y 6,Pto. de Calidad CPG Burgos Criog. 5 y 6 T.R,05/07/17 05:00:00,93.7780,1.2096,0.1809,1.3905,4.8274,203.5310,0,38.6292,50.2565,0,
S-REBGN260-TR36,CRE 46 Burgos 5 y 6,Pto. de Calidad CPG Burgos Criog. 5 y 6 T.R,06/07/17 05:00:00,93.6761,1.2088,0.1825,1.3913,4.7748,205.2101,0,38.7089,50.3014,0,
S-REBGN260-TR36,CRE 46 Burgos 5 y 6,Pto. de Calidad CPG Burgos Criog. 5 y 6 T.R,07/07/17 05:00:00,93.7917,1.2097,0.1802,1.3899,4.8126,203.5039,0,38.6267,50.2553,0,
S-REBGN261-TR35,CRE 45 CPG Burgos 4,Pto. de Calidad CPG Burgos Criog. 4 T.R,01/07/17 05:00:00,93.4523,1.2213,0.1961,1.4174,5.0324,211.3484,11.5553,38.7312,50.2999,0,
S-REBGN261-TR35,CRE 45 CPG Burgos 4,Pto. de Calidad CPG Burgos Criog. 4 T.R,02/07/17 05:00:00,93.3976,1.2382,0.1954,1.4336,5.0088,207.6400,11.6473,38.7532,50.3011,0,
S-REBGN261-TR35,CRE 45 CPG Burgos 4,Pto. de Calidad CPG Burgos Criog. 4 T.R,03/07/17 05:00:00,93.3539,1.2350,0.1947,1.4297,5.0095,211.7292,11.8686,38.7818,50.3198,0,
S-REBGN261-TR35,CRE 45 CPG Burgos 4,Pto. de Calidad CPG Burgos Criog. 4 T.R,04/07/17 05:00:00,93.3887,1.2268,0.1970,1.4238,4.9897,209.6079,11.6486,38.7731,50.3195,0,
S-REBGN261-TR35,CRE 45 CPG Burgos 4,Pto. de Calidad CPG Burgos Criog. 4 T.R,05/07/17 05:00:00,93.3948,1.2282,0.1964,1.4245,4.9725,207.4908,11.4772,38.7740,50.3193,0,
S-REBGN261-TR35,CRE 45 CPG Burgos 4,Pto. de Calidad CPG Burgos Criog. 4 T.R,06/07/17 05:00:00,93.4682,1.2332,0.1983,1.4315,5.0274,206.4473,10.9758,38.7101,50.2787,0,
S-REBGN261-TR35,CRE 45 CPG Burgos 4,Pto. de Calidad CPG Burgos Criog. 4 T.R,07/07/17 05:00:00,93.5024,1.2375,0.1960,1.4335,5.0559,206.1099,10.2460,38.6806,50.2601,0,
S-REBGN270-TR08,CRE 63 Pandura,Pto. de Calidad CG N LaredoT.R.,01/07/17 09:00:00,92.5631,1.0345,0.0985,1.1330,4.4756,274.9578,,40.4319,51.4210,,
S-REBGN270-TR08,CRE 63 Pandura,Pto. de Calidad CG N LaredoT.R.,02/07/17 09:00:00,92.5934,1.0323,0.0988,1.1310,4.4426,274.8032,,40.4228,51.4172,,
S-REBGN270-TR08,CRE 63 Pandura,Pto. de Calidad CG N LaredoT.R.,03/07/17 09:00:00,92.5204,1.0344,0.0990,1.1334,4.4936,274.8881,,40.4853,51.4504,,
S-REBGN270-TR08,CRE 63 Pandura,Pto. de Calidad CG N LaredoT.R.,04/07/17 09:00:00,92.4795,1.0292,0.0983,1.1275,4.5268,276.2975,,40.5102,51.4680,,
S-REBGN270-TR08,CRE 63 Pandura,Pto. de Calidad CG N LaredoT.R.,05/07/17 09:00:00,92.4535,1.0243,0.0999,1.1243,4.5303,276.4259,,40.5299,51.4814,,
S-REBGN270-TR08,CRE 63 Pandura,Pto. de Calidad CG N LaredoT.R.,06/07/17 09:00:00,92.5422,1.0283,0.0997,1.1280,4.4818,275.1262,,40.4785,51.4503,,
S-REBGN270-TR08,CRE 63 Pandura,Pto. de Calidad CG N LaredoT.R.,07/07/17 09:00:00,92.5511,1.0286,0.0998,1.1284,4.4672,276.2787,,40.4855,51.4540,,
S-REBGN290-TR36,CRE 57 Nejo,Pto. de Calidad Nejo T.R.,01/07/17 05:00:00,92.2741,0.8103,0.5455,1.3558,5.5731,,,39.3334,50.7638,,
S-REBGN290-TR36,CRE 57 Nejo,Pto. de Calidad Nejo T.R.,02/07/17 05:00:00,92.2986,0.7933,0.5519,1.3452,5.5704,,,39.3296,50.7705,,
S-REBGN290-TR36,CRE 57 Nejo,Pto. de Calidad Nejo T.R.,03/07/17 05:00:00,92.5941,0.7011,0.7347,1.4358,5.1559,,,39.1962,50.6757,,
S-REBGN290-TR36,CRE 57 Nejo,Pto. de Calidad Nejo T.R.,04/07/17 05:00:00,92.3013,0.7060,0.7515,1.4575,5.2669,,,39.3180,50.7325,,
S-REBGN290-TR36,CRE 57 Nejo,Pto. de Calidad Nejo T.R.,05/07/17 05:00:00,91.9079,0.7109,0.7585,1.4694,5.4779,,,39.4794,50.8175,,
S-REBGN290-TR36,CRE 57 Nejo,Pto. de Calidad Nejo T.R.,06/07/17 05:00:00,92.0547,0.6872,0.7655,1.4527,5.4217,,,39.4240,50.7995,,
S-REBGN290-TR36,CRE 57 Nejo,Pto. de Calidad Nejo T.R.,07/07/17 05:00:00,91.9915,0.6978,0.7618,1.4596,5.4720,,,39.4386,50.8023,,
S-REEGN011-TR38,CRE Mareografo,Pto. de Calidad Mareografo T.R.,01/07/17 05:00:00,97.6190,1.9646,0.1180,2.0825,0.2984,,0,37.0729,48.8574,0,
S-REEGN011-TR38,CRE Mareografo,Pto. de Calidad Mareografo T.R.,02/07/17 05:00:00,97.6190,1.9646,0.1180,2.0825,0.2984,,0,37.0729,48.8574,0,
S-REEGN011-TR38,CRE Mareografo,Pto. de Calidad Mareografo T.R.,03/07/17 05:00:00,97.6190,1.9646,0.1180,2.0825,0.2984,,0,37.0729,48.8574,0,
S-REEGN011-TR38,CRE Mareografo,Pto. de Calidad Mareografo T.R.,04/07/17 05:00:00,97.6190,1.9646,0.1180,2.0825,0.2984,,0,37.0729,48.8574,0,
S-REEGN011-TR38,CRE Mareografo,Pto. de Calidad Mareografo T.R.,05/07/17 05:00:00,97.6190,1.9646,0.1180,2.0825,0.2984,,0,37.0729,48.8574,0,
S-REEGN011-TR38,CRE Mareografo,Pto. de Calidad Mareografo T.R.,06/07/17 05:00:00,97.6190,1.9646,0.1180,2.0825,0.2984,,0,37.0729,48.8574,0,
S-REEGN011-TR38,CRE Mareografo,Pto. de Calidad Mareografo T.R.,07/07/17 05:00:00,97.6190,1.9646,0.1180,2.0825,0.2984,,0,37.0729,48.8574,0,
S-SABGN130-TR01,CRE 21 Valtierrilla,Pto. de Calidad Valtierrilla T.R.,01/07/17 09:00:00,96.2110,0.7865,0.2873,1.0738,2.5003,257.5075,21.7465,38.2409,50.2770,0.6346,
S-SABGN130-TR01,CRE 21 Valtierrilla,Pto. de Calidad Valtierrilla T.R.,02/07/17 09:00:00,95.9127,0.8155,0.3113,1.1268,2.7434,254.6431,15.5346,38.2852,50.2712,0.6731,
S-SABGN130-TR01,CRE 21 Valtierrilla,Pto. de Calidad Valtierrilla T.R.,03/07/17 09:00:00,95.8246,0.7791,0.3189,1.0980,2.8438,257.8428,25.4210,38.3404,50.3246,0.9627,
S-SABGN130-TR01,CRE 21 Valtierrilla,Pto. de Calidad Valtierrilla T.R.,04/07/17 09:00:00,95.7033,0.7343,0.3423,1.0766,2.9533,257.0934,20.6426,38.3974,50.3777,1.3855,
S-SABGN130-TR01,CRE 21 Valtierrilla,Pto. de Calidad Valtierrilla T.R.,05/07/17 09:00:00,95.9621,0.7416,0.2995,1.0412,2.7766,255.5127,17.1153,38.3285,50.3530,0.6664,
S-SABGN130-TR01,CRE 21 Valtierrilla,Pto. de Calidad Valtierrilla T.R.,06/07/17 09:00:00,96.0074,0.7589,0.2850,1.0439,2.7324,255.5806,16.5222,38.3125,50.3385,0.6618,
S-SABGN130-TR01,CRE 21 Valtierrilla,Pto. de Calidad Valtierrilla T.R.,07/07/17 09:00:00,95.9438,0.8068,0.2650,1.0718,2.7713,255.2846,9.1262,38.3104,50.3130,0.1414,
S-TOBGN010-TR01,CRE 10 Torreon,Pto. de Calidad Est. Chávez T.R.,01/07/17 09:00:00,96.0899,0.8030,0.3064,1.1094,2.5750,254.4894,32.8821,38.2487,50.2612,0.5724,
S-TOBGN010-TR01,CRE 10 Torreon,Pto. de Calidad Est. Chávez T.R.,02/07/17 09:00:00,96.0331,0.7687,0.3043,1.0731,2.6644,255.7006,34.2676,38.2920,50.3109,0.2423,
S-TOBGN010-TR01,CRE 10 Torreon,Pto. de Calidad Est. Chávez T.R.,03/07/17 09:00:00,95.8411,0.7321,0.3420,1.0741,2.8201,256.7207,37.9947,38.3586,50.3572,0.1937,
S-TOBGN010-TR01,CRE 10 Torreon,Pto. de Calidad Est. Chávez T.R.,04/07/17 09:00:00,96.0683,0.7374,0.2993,1.0367,2.6624,255.8560,38.3545,38.3069,50.3437,0.2108,
S-TOBGN010-TR01,CRE 10 Torreon,Pto. de Calidad Est. Chávez T.R.,05/07/17 09:00:00,96.1044,0.7483,0.2873,1.0357,2.6334,254.8507,37.7515,38.2936,50.3340,0.2864,
S-TOBGN010-TR01,CRE 10 Torreon,Pto. de Calidad Est. Chávez T.R.,06/07/17 09:00:00,96.0865,0.7866,0.2606,1.0472,2.6479,254.6810,36.9884,38.2875,50.3160,0.3915,
S-TOBGN010-TR01,CRE 10 Torreon,Pto. de Calidad Est. Chávez T.R.,07/07/17 09:00:00,96.0905,0.7639,0.2818,1.0457,2.6382,255.6558,40.1799,38.2909,50.3241,0.2800,
S-TXBGN050-TR06,CRE 24 Puebla,Pto. de Calidad Natgasmex (Xicotencatl),01/07/17 09:00:00,92.8506,0.0838,4.2037,4.2874,2.4557,259.5680,117.3199,37.1506,48.3629,2.2471,
S-TXBGN050-TR06,CRE 24 Puebla,Pto. de Calidad Natgasmex (Xicotencatl),02/07/17 09:00:00,93.4127,0.0908,3.7680,3.8588,2.3277,260.5267,131.6768,37.2783,48.6247,2.3141,
S-TXBGN050-TR06,CRE 24 Puebla,Pto. de Calidad Natgasmex (Xicotencatl),03/07/17 09:00:00,94.4509,0.1064,3.0638,3.1702,1.9727,261.5722,100.4911,37.4442,49.0237,4.3286,
S-TXBGN050-TR06,CRE 24 Puebla,Pto. de Calidad Natgasmex (Xicotencatl),04/07/17 09:00:00,95.6728,0.1176,2.1586,2.2762,1.6322,264.1173,60.2158,37.7037,49.5751,3.5681,
S-TXBGN050-TR06,CRE 24 Puebla,Pto. de Calidad Natgasmex (Xicotencatl),05/07/17 09:00:00,96.1183,0.1452,1.7677,1.9129,1.5460,266.6050,51.6237,37.8264,49.8053,2.5002,
S-TXBGN050-TR06,CRE 24 Puebla,Pto. de Calidad Natgasmex (Xicotencatl),06/07/17 09:00:00,95.3006,0.1172,2.2283,2.3454,1.8505,265.7110,50.1046,37.7947,49.5966,2.3623,
S-TXBGN050-TR06,CRE 24 Puebla,Pto. de Calidad Natgasmex (Xicotencatl),07/07/17 09:00:00,95.1667,0.1142,2.1460,2.2601,1.9428,265.5915,46.6923,37.9429,49.7214,2.2897,
S-VCBGN070-TR01,"CRE 19 Venta Carpio 14""","Pto. de Calidad Ducto 22"" T.R.",01/07/17 09:00:00,96.1403,0.7225,0.3253,1.0478,2.5659,251.0771,28.4971,38.2814,50.3275,0.0127,
S-VCBGN070-TR01,"CRE 19 Venta Carpio 14""","Pto. de Calidad Ducto 22"" T.R.",02/07/17 09:00:00,96.0352,0.7016,0.3845,1.0861,2.6135,249.8259,24.4784,38.2945,50.3223,0.0137,
S-VCBGN070-TR01,"CRE 19 Venta Carpio 14""","Pto. de Calidad Ducto 22"" T.R.",03/07/17 09:00:00,95.8725,0.6895,0.2713,0.9608,2.9250,247.9138,20.6276,38.4120,50.4503,0.0120,
S-VCBGN070-TR01,"CRE 19 Venta Carpio 14""","Pto. de Calidad Ducto 22"" T.R.",04/07/17 09:00:00,95.9689,0.6481,0.2842,0.9323,2.8377,249.2823,22.7368,38.4102,50.4722,0.0143,
S-VCBGN070-TR01,"CRE 19 Venta Carpio 14""","Pto. de Calidad Ducto 22"" T.R.",05/07/17 09:00:00,96.0919,0.6374,0.2745,0.9119,2.7436,249.1883,24.7468,38.3855,50.4702,0.0134,
S-VCBGN070-TR01,"CRE 19 Venta Carpio 14""","Pto. de Calidad Ducto 22"" T.R.",06/07/17 09:00:00,96.0071,0.6649,0.2730,0.9379,2.8011,251.6549,25.7099,38.3967,50.4579,0.0140,
S-VCBGN070-TR01,"CRE 19 Venta Carpio 14""","Pto. de Calidad Ducto 22"" T.R.",07/07/17 09:00:00,96.0161,0.6671,0.2508,0.9179,2.8042,251.8675,27.4221,38.4123,50.4754,0.0135,
S-VCBGN070-TR02,"CRE 16 Venta de Carpio 36""","Pto. de Calidad Ducto 36"" T.R.",01/07/17 09:00:00,96.1418,0.7220,0.3306,1.0526,2.5648,250.7027,30.9658,38.2749,50.3218,0,
S-VCBGN070-TR02,"CRE 16 Venta de Carpio 36""","Pto. de Calidad Ducto 36"" T.R.",02/07/17 09:00:00,96.1128,0.7128,0.3243,1.0372,2.5992,249.1394,24.4171,38.2968,50.3436,0,
S-VCBGN070-TR02,"CRE 16 Venta de Carpio 36""","Pto. de Calidad Ducto 36"" T.R.",03/07/17 09:00:00,95.8860,0.6881,0.3167,1.0048,2.8709,247.1851,20.9558,38.3751,50.4093,0,
S-VCBGN070-TR02,"CRE 16 Venta de Carpio 36""","Pto. de Calidad Ducto 36"" T.R.",04/07/17 09:00:00,95.9497,0.6541,0.3308,0.9849,2.8079,248.6319,24.2338,38.3788,50.4286,0,
S-VCBGN070-TR02,"CRE 16 Venta de Carpio 36""","Pto. de Calidad Ducto 36"" T.R.",05/07/17 09:00:00,96.0551,0.6451,0.3213,0.9664,2.7284,248.8489,25.8433,38.3582,50.4276,0,
S-VCBGN070-TR02,"CRE 16 Venta de Carpio 36""","Pto. de Calidad Ducto 36"" T.R.",06/07/17 09:00:00,95.9930,0.6644,0.3180,0.9824,2.7752,249.5697,27.9109,38.3655,50.4198,0,
S-VCBGN070-TR02,"CRE 16 Venta de Carpio 36""","Pto. de Calidad Ducto 36"" T.R.",07/07/17 09:00:00,96.0022,0.6683,0.3002,0.9686,2.7770,250.2160,29.7899,38.3729,50.4294,0,
S-VCBGN070-TR03,"CRE 17 Venta Carpio 30""","Pto. de Calidad Ducto 30"" T.R.",01/07/17 09:00:00,91.8860,0.1744,3.7893,3.9637,3.5246,275.8780,50.4808,37.7610,48.8468,0.0529,
S-VCBGN070-TR03,"CRE 17 Venta Carpio 30""","Pto. de Calidad Ducto 30"" T.R.",02/07/17 09:00:00,94.6632,0.5289,1.6329,2.1618,2.7907,263.2265,29.6329,38.0384,49.7252,0.0247,
S-VCBGN070-TR03,"CRE 17 Venta Carpio 30""","Pto. de Calidad Ducto 30"" T.R.",03/07/17 09:00:00,95.7751,0.7054,0.2793,0.9847,2.9908,256.1833,16.3514,38.4337,50.4477,0.0380,
S-VCBGN070-TR03,"CRE 17 Venta Carpio 30""","Pto. de Calidad Ducto 30"" T.R.",04/07/17 09:00:00,95.8772,0.6636,0.2900,0.9536,2.8975,257.8972,18.6370,38.4363,50.4734,0.0275,
S-VCBGN070-TR03,"CRE 17 Venta Carpio 30""","Pto. de Calidad Ducto 30"" T.R.",05/07/17 09:00:00,95.9869,0.6524,0.2821,0.9345,2.8125,258.0153,20.5399,38.4154,50.4730,0.0242,
S-VCBGN070-TR03,"CRE 17 Venta Carpio 30""","Pto. de Calidad Ducto 30"" T.R.",06/07/17 09:00:00,95.9179,0.6803,0.2807,0.9609,2.8575,258.9268,21.9069,38.4183,50.4557,0.0338,
S-VCBGN070-TR03,"CRE 17 Venta Carpio 30""","Pto. de Calidad Ducto 30"" T.R.",07/07/17 09:00:00,95.9316,0.6836,0.2580,0.9417,2.8589,259.2490,23.5546,38.4286,50.4697,0.0234,
S-VCBGN070-TR04,"CRE 18 Venta Carpio 24""","Pto. de Calidad Ducto 18"" T.R.",01/07/17 09:00:00,90.0269,0.0153,0.6786,0.6939,7.7482,222.8332,153.8519,40.6206,51.9686,8.4194,
S-VCBGN070-TR04,"CRE 18 Venta Carpio 24""","Pto. de Calidad Ducto 18"" T.R.",02/07/17 09:00:00,90.0287,0.0257,0.6779,0.7036,7.7091,223.7183,148.0225,40.6216,51.9622,5.6920,
S-VCBGN070-TR04,"CRE 18 Venta Carpio 24""","Pto. de Calidad Ducto 18"" T.R.",03/07/17 09:00:00,90.1533,0.0311,0.6873,0.7184,7.6380,223.6976,137.9529,40.5574,51.9190,4.1201,
S-VCBGN070-TR04,"CRE 18 Venta Carpio 24""","Pto. de Calidad Ducto 18"" T.R.",04/07/17 09:00:00,90.1938,0.0360,0.6744,0.7105,7.6155,222.2270,119.5347,40.5472,51.9158,3.5405,
S-VCBGN070-TR04,"CRE 18 Venta Carpio 24""","Pto. de Calidad Ducto 18"" T.R.",05/07/17 09:00:00,90.1423,0.0368,0.6656,0.7024,7.6391,222.3127,128.0530,40.5746,51.9344,5.2385,
S-VCBGN070-TR04,"CRE 18 Venta Carpio 24""","Pto. de Calidad Ducto 18"" T.R.",06/07/17 09:00:00,89.9384,0.0327,0.6716,0.7043,7.7973,225.7985,134.7547,40.6459,51.9737,8.5636,
S-VCBGN070-TR04,"CRE 18 Venta Carpio 24""","Pto. de Calidad Ducto 18"" T.R.",07/07/17 09:00:00,91.0961,0.1317,0.5900,0.7217,6.8089,226.2023,140.2569,40.2569,51.7273,2.3966,
S-VEBGN020-TR10,CRE 31 Veracruz,Pto. de Calidad CFE Dos Bocas T.R.,01/07/17 09:00:00,96.2494,0.6804,0.2212,0.9016,2.5824,252.3522,25.7042,38.3442,50.4296,0,
S-VEBGN020-TR10,CRE 31 Veracruz,Pto. de Calidad CFE Dos Bocas T.R.,02/07/17 09:00:00,96.1060,0.7197,0.2223,0.9419,2.6912,252.8910,24.6683,38.3579,50.4091,0,
S-VEBGN020-TR10,CRE 31 Veracruz,Pto. de Calidad CFE Dos Bocas T.R.,03/07/17 09:00:00,96.0598,0.7202,0.2226,0.9428,2.7332,252.8078,18.3511,38.3712,50.4160,0,
S-VEBGN020-TR10,CRE 31 Veracruz,Pto. de Calidad CFE Dos Bocas T.R.,04/07/17 09:00:00,95.9373,0.7089,0.2208,0.9297,2.8011,251.0789,14.8249,38.4534,50.4830,0,
S-VEBGN020-TR10,CRE 31 Veracruz,Pto. de Calidad CFE Dos Bocas T.R.,05/07/17 09:00:00,96.0148,0.6861,0.2047,0.8909,2.7767,251.7861,15.0341,38.4500,50.5045,0,
S-VEBGN020-TR10,CRE 31 Veracruz,Pto. de Calidad CFE Dos Bocas T.R.,06/07/17 09:00:00,96.5392,0.5974,0.1790,0.7764,2.4101,255.5508,21.7296,38.3495,50.5109,0,
S-VEBGN020-TR10,CRE 31 Veracruz,Pto. de Calidad CFE Dos Bocas T.R.,07/07/17 09:00:00,97.2147,0.4931,0.1536,0.6467,1.8953,260.7783,34.4741,38.2411,50.5361,0,
S-VEBGN051-TR07,CRE 28 Cempoala Sur,Pto de Calidad a Cempoala del Sur T.R.,01/07/17 09:00:00,96.6408,0.6365,0.2290,0.8655,2.2334,250.5836,38.1152,38.2568,50.4096,0.1200,
S-VEBGN051-TR07,CRE 28 Cempoala Sur,Pto de Calidad a Cempoala del Sur T.R.,02/07/17 09:00:00,96.2512,0.6362,0.2362,0.8724,2.5699,250.7778,32.3840,38.3802,50.4760,0.0008,
S-VEBGN051-TR07,CRE 28 Cempoala Sur,Pto de Calidad a Cempoala del Sur T.R.,03/07/17 09:00:00,96.0967,0.5766,0.2158,0.7924,2.8305,249.6244,37.7561,38.4671,50.5801,0.0079,
S-VEBGN051-TR07,CRE 28 Cempoala Sur,Pto de Calidad a Cempoala del Sur T.R.,04/07/17 09:00:00,96.2349,0.5415,0.2277,0.7692,2.7094,249.7033,39.6029,38.4488,50.5919,0.0094,
S-VEBGN051-TR07,CRE 28 Cempoala Sur,Pto de Calidad a Cempoala del Sur T.R.,05/07/17 09:00:00,96.0454,0.5134,0.2447,0.7581,2.8741,250.8376,43.1634,38.5273,50.6516,0.0072,
S-VEBGN051-TR07,CRE 28 Cempoala Sur,Pto de Calidad a Cempoala del Sur T.R.,06/07/17 09:00:00,96.5077,0.4815,0.2236,0.7051,2.4863,249.7397,34.8116,38.4101,50.6065,0.0000,
S-VEBGN051-TR07,CRE 28 Cempoala Sur,Pto de Calidad a Cempoala del Sur T.R.,07/07/17 09:00:00,96.6850,0.5164,0.1971,0.7136,2.3031,250.2578,37.3025,38.3551,50.5631,0.0000,
S-VEBGN051-TR08,CRE 30 Cempoala Norte,Pto de Calidad a Cempoala del Norte T.R.,01/07/17 09:00:00,96.6693,0.6358,0.2287,0.8645,2.2059,250.4034,0.2021,38.2470,50.4028,0,
S-VEBGN051-TR08,CRE 30 Cempoala Norte,Pto de Calidad a Cempoala del Norte T.R.,02/07/17 09:00:00,96.3032,0.6329,0.2324,0.8653,2.5230,250.5374,0.1619,38.3811,50.4899,0,
S-VEBGN051-TR08,CRE 30 Cempoala Norte,Pto de Calidad a Cempoala del Norte T.R.,03/07/17 09:00:00,96.0989,0.5755,0.2218,0.7973,2.8237,249.5403,0.1580,38.4705,50.5864,0,
S-VEBGN051-TR08,CRE 30 Cempoala Norte,Pto de Calidad a Cempoala del Norte T.R.,04/07/17 09:00:00,96.2253,0.5403,0.2271,0.7673,2.7207,249.8107,0.1569,38.4566,50.6009,0,
S-VEBGN051-TR08,CRE 30 Cempoala Norte,Pto de Calidad a Cempoala del Norte T.R.,05/07/17 09:00:00,96.1185,0.5111,0.2490,0.7601,2.7979,251.0024,0.1798,38.5054,50.6388,0,
S-VEBGN051-TR08,CRE 30 Cempoala Norte,Pto de Calidad a Cempoala del Norte T.R.,06/07/17 09:00:00,96.4704,0.4826,0.2255,0.7081,2.5219,249.3742,0.2304,38.4175,50.6089,0,
S-VEBGN051-TR08,CRE 30 Cempoala Norte,Pto de Calidad a Cempoala del Norte T.R.,07/07/17 09:00:00,96.7192,0.5164,0.1965,0.7129,2.2699,250.3782,0.3609,38.3457,50.5581,0,
S-VEBGN051-TR09,CRE 29 Cempoala Centro,Pto de Calidad de Cempoala al Centro T.R.,01/07/17 09:00:00,96.6313,0.6370,0.2312,0.8683,2.2402,250.4097,40.3791,38.2674,50.4230,0.0106,
S-VEBGN051-TR09,CRE 29 Cempoala Centro,Pto de Calidad de Cempoala al Centro T.R.,02/07/17 09:00:00,96.2566,0.6319,0.2359,0.8678,2.5476,250.9524,35.1975,38.4017,50.5007,0.0103,
S-VEBGN051-TR09,CRE 29 Cempoala Centro,Pto de Calidad de Cempoala al Centro T.R.,03/07/17 09:00:00,96.1338,0.5753,0.2155,0.7907,2.7956,249.3864,39.2826,38.4646,50.5861,0.0100,
S-VEBGN051-TR09,CRE 29 Cempoala Centro,Pto de Calidad de Cempoala al Centro T.R.,04/07/17 09:00:00,96.2391,0.5399,0.2261,0.7660,2.7078,249.7807,41.6408,38.4537,50.5999,0.0100,
S-VEBGN051-TR09,CRE 29 Cempoala Centro,Pto de Calidad de Cempoala al Centro T.R.,05/07/17 09:00:00,96.1122,0.5117,0.2446,0.7563,2.8075,250.9238,45.4718,38.5098,50.6429,0.0097,
S-VEBGN051-TR09,CRE 29 Cempoala Centro,Pto de Calidad de Cempoala al Centro T.R.,06/07/17 09:00:00,96.4972,0.4828,0.2349,0.7177,2.4859,249.6578,39.4201,38.4169,50.6153,0.0110,
S-VEBGN051-TR09,CRE 29 Cempoala Centro,Pto de Calidad de Cempoala al Centro T.R.,07/07/17 09:00:00,96.7048,0.5167,0.1975,0.7143,2.2833,250.2508,41.3072,38.3612,50.5769,0.0115,
S-VEBGN070-TR02,CRE 42 Matapionche,Pto. de Calidad Matapionche T.R.,01/07/17 09:00:00,92.4032,0.1302,0.8782,1.0084,6.2589,208.6940,0.0400,39.3783,51.1101,1.7879,
S-VEBGN070-TR02,CRE 42 Matapionche,Pto. de Calidad Matapionche T.R.,02/07/17 09:00:00,92.4787,0.1324,0.8846,1.0169,6.1770,208.4650,0.0000,39.3502,51.0898,1.3152,
S-VEBGN070-TR02,CRE 42 Matapionche,Pto. de Calidad Matapionche T.R.,03/07/17 09:00:00,92.4787,0.1324,0.8846,1.0169,6.1770,208.4650,0.0000,39.3502,51.0898,1.3152,
S-VEBGN070-TR02,CRE 42 Matapionche,Pto. de Calidad Matapionche T.R.,04/07/17 09:00:00,92.3486,0.1358,0.8900,1.0258,6.3066,208.6949,0.0077,39.3784,51.1021,3.3137,
S-VEBGN070-TR02,CRE 42 Matapionche,Pto. de Calidad Matapionche T.R.,05/07/17 09:00:00,92.2842,0.1565,0.8950,1.0515,6.2453,210.2979,0.0172,39.4153,51.1049,5.5835,
S-VEBGN070-TR02,CRE 42 Matapionche,Pto. de Calidad Matapionche T.R.,06/07/17 09:00:00,92.1269,0.1456,0.8975,1.0431,6.4930,209.2920,0.0083,39.4357,51.1229,2.6558,
S-VEBGN070-TR02,CRE 42 Matapionche,Pto. de Calidad Matapionche T.R.,07/07/17 09:00:00,92.0338,0.1271,0.9006,1.0277,6.6030,209.5267,0.0073,39.4721,51.1548,3.3267,
S-VEEGN001-TR05,CRE 50 Playuela,Pto. de Calidad Playuela T.R.,01/07/17 05:00:00,99.2882,0.2602,0.1101,0.3703,0.1328,276.6830,25.9696,37.8258,50.4971,5.2274,
S-VEEGN001-TR05,CRE 50 Playuela,Pto. de Calidad Playuela T.R.,02/07/17 05:00:00,99.2862,0.2601,0.1104,0.3705,0.1344,277.0228,24.3957,37.8265,50.4975,5.7901,
S-VEEGN001-TR05,CRE 50 Playuela,Pto. de Calidad Playuela T.R.,03/07/17 05:00:00,99.2895,0.2573,0.1106,0.3680,0.1335,277.3721,25.5288,37.8275,50.4999,5.6401,
S-VEEGN001-TR05,CRE 50 Playuela,Pto. de Calidad Playuela T.R.,04/07/17 05:00:00,99.2937,0.2557,0.1104,0.3661,0.1326,277.1410,28.6800,37.8268,50.5008,5.1042,
S-VEEGN001-TR05,CRE 50 Playuela,Pto. de Calidad Playuela T.R.,05/07/17 05:00:00,99.2922,0.2564,0.1103,0.3667,0.1328,277.3334,29.2623,37.8272,50.5006,4.5104,
S-VEEGN001-TR05,CRE 50 Playuela,Pto. de Calidad Playuela T.R.,06/07/17 05:00:00,99.2952,0.2577,0.1094,0.3672,0.1309,277.3489,26.7936,37.8249,50.4988,4.5029,
S-VEEGN001-TR05,CRE 50 Playuela,Pto. de Calidad Playuela T.R.,07/07/17 05:00:00,99.3201,0.2581,0.1047,0.3628,0.1182,275.6216,24.5327,37.8156,50.4955,3.6183,
S-MIBGN091-TR02,CRE 27 JD Covarrubias,Pto. de Calidad Pecosa Alta Presión T.R.,01/07/17 09:00:00,84.9030,0.0281,10.1759,10.2040,4.5542,239.9931,70.5944,35.4187,44.8798,0.0000,
S-MIBGN091-TR02,CRE 27 JD Covarrubias,Pto. de Calidad Pecosa Alta Presión T.R.,02/07/17 09:00:00,87.7077,0.0740,8.4345,8.5085,3.4591,251.8129,62.7328,35.7493,45.7435,0.0000,
S-MIBGN091-TR02,CRE 27 JD Covarrubias,Pto. de Calidad Pecosa Alta Presión T.R.,03/07/17 09:00:00,86.7418,0.1481,8.7814,8.9295,3.9525,244.7162,53.4035,35.7568,45.5670,0.0000,
S-MIBGN091-TR02,CRE 27 JD Covarrubias,Pto. de Calidad Pecosa Alta Presión T.R.,04/07/17 09:00:00,82.8574,0.0267,10.4545,10.4812,5.6082,247.3882,73.1710,36.0661,45.1927,0.0000,
S-MIBGN091-TR02,CRE 27 JD Covarrubias,Pto. de Calidad Pecosa Alta Presión T.R.,05/07/17 09:00:00,84.1567,0.0591,9.7833,9.8424,5.0783,254.8417,113.3687,36.0978,45.4489,0.0000,
S-MIBGN091-TR02,CRE 27 JD Covarrubias,Pto. de Calidad Pecosa Alta Presión T.R.,06/07/17 09:00:00,83.7429,0.0318,10.9224,10.9542,4.8838,237.2927,55.5400,35.2754,44.5013,0.0000,
S-MIBGN091-TR02,CRE 27 JD Covarrubias,Pto. de Calidad Pecosa Alta Presión T.R.,07/07/17 09:00:00,83.2414,0.0320,11.1545,11.1865,5.0775,232.2337,38.0871,35.2827,44.4190,0.0000,
S-VCBGN070-TR04,CRE 15 Zacate Colorado,"Pto. de Calidad Ducto 18"" T.R.",01/07/17 09:00:00,90.0269,0.0153,0.6786,0.6939,7.7482,222.8332,153.8519,40.6206,51.9686,8.4194,
S-VCBGN070-TR04,CRE 15 Zacate Colorado,"Pto. de Calidad Ducto 18"" T.R.",02/07/17 09:00:00,90.0287,0.0257,0.6779,0.7036,7.7091,223.7183,148.0225,40.6216,51.9622,5.6920,
S-VCBGN070-TR04,CRE 15 Zacate Colorado,"Pto. de Calidad Ducto 18"" T.R.",03/07/17 09:00:00,90.1533,0.0311,0.6873,0.7184,7.6380,223.6976,137.9529,40.5574,51.9190,4.1201,
S-VCBGN070-TR04,CRE 15 Zacate Colorado,"Pto. de Calidad Ducto 18"" T.R.",04/07/17 09:00:00,90.1938,0.0360,0.6744,0.7105,7.6155,222.2270,119.5347,40.5472,51.9158,3.5405,
S-VCBGN070-TR04,CRE 15 Zacate Colorado,"Pto. de Calidad Ducto 18"" T.R.",05/07/17 09:00:00,90.1423,0.0368,0.6656,0.7024,7.6391,222.3127,128.0530,40.5746,51.9344,5.2385,
S-VCBGN070-TR04,CRE 15 Zacate Colorado,"Pto. de Calidad Ducto 18"" T.R.",06/07/17 09:00:00,89.9384,0.0327,0.6716,0.7043,7.7973,225.7985,134.7547,40.6459,51.9737,8.5636,
S-VCBGN070-TR04,CRE 15 Zacate Colorado,"Pto. de Calidad Ducto 18"" T.R.",07/07/17 09:00:00,91.0961,0.1317,0.5900,0.7217,6.8089,226.2023,140.2569,40.2569,51.7273,2.3966,
